TOI,P_mean,P_std
TOI0101,1.4228367521619179,0.007788155811248976
TOI0102,1.8715930016645423,0.9350693269014868
TOI0103,1.7813143428255789,0.0
TOI0104,1.7082978446333277,0.34082567834888605
TOI0105,1.0935196453211375,0.00035135640871852836
TOI0106,1.9057941165963266,0.7867996232521544
TOI0107,2.643388861933609,1.326910348844836
TOI0108,2.385846879836558,2.005134216532351
TOI0109,0.9196663465831044,0.000669140661893608
TOI0110,2.3056174954041193,1.3215928472545666
TOI0111,0.9338221790280486,0.8357669462121277
TOI0112,1.4253063980558858,0.6187424360246874
TOI0113,1.691641820061138,0.0
TOI0114,2.4070510322946324,0.6908567445083307
TOI0115,3.265008032501063,2.906731415914392
TOI0116,1.1175447326349792,0.394836697254391
TOI0117,1.3450080576961483,0.4489834989594736
TOI0118,3.2397991393921304,2.8369838716037767
TOI0119,8.097226907826759,2.0073785046770496
TOI0120,3.723343615620473,0.0
TOI0121,2.3522454539048008,0.5635389806129686
TOI0122,4.011936665899347,3.5757657467228814
TOI0123,2.4654253338063334,0.8114606427776497
TOI0124,1.5305956204128137,2.04680167858058
TOI0125,4.236499327871369,4.078749178525928
TOI0126,1.1392849697315304,0.3812084240393951
TOI0127,0.7358456940985577,0.16954454681329212
TOI0128,5.9006618968275255,1.467130301482348
TOI0129,5.552442096347229,1.091838963910358
TOI0130,2.2957321882228157,1.177082742717476
TOI0131,7.55968961725766,0.0
TOI0132,1.2308174456103655,0.8791783792446544
TOI0133,6.1021847662568,2.276655278724098
TOI0134,6.90866118464888,1.53466512161355
TOI0135,1.4944510105572046,0.43402784238560094
TOI0136,0.347275179293882,0.16372906748454874
TOI0137,6.9102406524948945,1.4672928217286794
TOI0138,7.556965353906424,1.2920162320354924
TOI0139,6.215118961301096,1.327473692059261
TOI0140,1.713156028219581,0.588402740289804
TOI0141,2.1988736587243953,2.1782403523678653
TOI0142,1.7061455758473447,0.008321614779955005
TOI0143,2.3285715467338095,0.00686093890452899
TOI0144,3.4397362294763276,1.7073236778369447
TOI0146,0.823791758559805,0.6524002569055999
TOI0147,2.7122489357397885,0.9174654709434155
TOI0148,6.59488429043789,0.0
TOI0149,6.878794080724317,2.356514083143343
TOI0150,2.288201896253562,1.5177317891573407
TOI0151,6.915496742099754,2.9181535729906276
TOI0153,4.814327943938806,2.046664878559604
TOI0154,3.5123758713999287,0.0
TOI0155,1.087375267410247,0.0
TOI0156,6.756636691326918,1.1875522433044088
TOI0157,2.290665803561837,2.987813147627178
TOI0158,2.1664062417337724,0.0
TOI0159,1.2516610391321885,0.38160301956257053
TOI0161,2.496099683835777,0.5563030710619188
TOI0163,2.001272643344124,1.3246849669060958
TOI0165,3.310267273505616,1.0706904987585624
TOI0166,6.72980803241972,0.0
TOI0167,2.4475449111832304,1.9882261277252617
TOI0168,3.2762075749408925,0.0
TOI0169,0.5901036759952037,0.12392936664733534
TOI0170,1.6321535106393577,1.0298698751484114
TOI0171,1.8730314417003016,0.9810048782475485
TOI0172,4.960706703078541,0.0
TOI0173,2.6524880417529575,1.0564446297570358
TOI0174,5.55624000782711,1.8470735809990415
TOI0175,4.928716188055355,3.0483789008224322
TOI0176,5.212199516371694,2.7325216824154515
TOI0177,6.761925464362814,1.7402961548721567
TOI0178,5.432503154673382,1.0302531878275054
TOI0179,7.557630275644431,1.880822731689301
TOI0180,0.5224391926185167,0.1816344593263041
TOI0181,7.870016442379361,2.1299835576206383
TOI0182,1.7661098467225123,0.002636727455739951
TOI0183,1.6594007988890431,1.1383921140614213
TOI0184,2.1421814807235875,0.5985251504623597
TOI0185,0.47083859656259686,0.0003331082523504434
TOI0186,7.041929246250252,2.4694744749093074
TOI0187,1.2821346810257583,2.6294844593978524
TOI0188,5.225964563016075,1.5022431756945422
TOI0189,2.3144408563662555,2.2325367311757778
TOI0190,2.5458966598757224,1.224111163316267
TOI0191,4.921973251431282,2.605875742714588
TOI0192,1.6344330085878793,0.3257095234367167
TOI0193,0.7913844994109032,0.0002466406399997123
TOI0194,0.8859964512718037,0.34158539417799055
TOI0195,1.5538980799792328,0.5159249895026441
TOI0196,1.5263762023377232,0.263076729397177
TOI0197,3.9658761458066873,1.6513259805522447
TOI0198,2.002031199067221,1.5754192203271835
TOI0199,7.63584996871099,2.2758935975268746
TOI0200,3.3268530646103294,0.3408177826407784
TOI0201,3.9069936579830062,1.5259245508179744
TOI0202,1.4913808657858612,1.0140353236693245
TOI0203,4.131892178768991,2.764025961081456
TOI0204,2.6469076876408075,1.492075654958655
TOI0205,3.835706152819984,1.3527896319153905
TOI0206,5.209838930992968,2.9854028403256945
TOI0207,2.6278148423190135,2.2566668781047974
TOI0208,3.130177745542005,2.844586478956813
TOI0209,1.7503037510839208,1.786905628781016
TOI0210,2.9141000006502304,2.4715898455702834
TOI0211,5.853152774598319,0.6615787744853675
TOI0212,2.195928957948339,1.8608199915663675
TOI0213,8.202787133663259,2.2028148815933735
TOI0214,6.965943942732113,1.7164494848650529
TOI0215,9.226615261118145,0.839020218538333
TOI0216,5.432734008783766,3.327638257388949
TOI0217,2.7575289221680044,2.3320438504522203
TOI0218,5.901484335506357,1.6084710347145132
TOI0219,2.2285055352538636,0.011022922081662574
TOI0220,3.3251253152199016,2.4803302248801535
TOI0221,3.647069929035546,2.4839135334271276
TOI0222,7.878108458845139,2.1218915411548607
TOI0223,1.2568076259511132,0.5906763829236273
TOI0224,2.078850941150667,0.006729899127556949
TOI0225,3.630604677502031,2.626185442928575
TOI0226,6.124453185640614,3.5159189319905666
TOI0227,1.3257791490983002,0.0019839576769342115
TOI0228,4.2611627746033935,1.5199267326297587
TOI0229,0.7829695929917593,0.2614321733180498
TOI0230,2.388806728268635,0.04925490708596447
TOI0231,1.1216140577892713,0.5616415928947244
TOI0232,0.8917814470212408,0.3149858471173612
TOI0233,0.4046334767353867,0.19159610729036838
TOI0234,0.45624546371506824,0.25375017455356075
TOI0235,6.869791885777687,2.3271060437793607
TOI0236,2.272752335502762,0.015368431995987586
TOI0237,0.1152204805273234,0.009383295950410393
TOI0238,5.0926549642526275,1.8620824627815693
TOI0239,2.0806373237693405,0.010791120497347761
TOI0240,5.6161041404603225,0.04556944505714422
TOI0241,4.68500630485894,0.7924962770995965
TOI0242,3.208877976234718,0.0
TOI0243,1.7175954900451043,0.0016490211203934457
TOI0244,4.089366422494404,0.8570153384127772
TOI0245,5.489047001912608,2.4763695938968247
TOI0246,1.4132493438684361,0.3980693757224534
TOI0247,1.9703222101902402,1.4809972794523003
TOI0248,5.935273781000902,0.8486645922724972
TOI0249,6.723268478029695,3.2767315219703055
TOI0250,0.6789894233463272,0.13566869388938818
TOI0251,3.814124873919253,0.023864675379090983
TOI0252,1.0013872663366583,0.0019122628569874837
TOI0253,3.424822331865662,0.521863467303059
TOI0254,4.468034996630615,0.22426378706140682
TOI0255,0.8203044494683283,0.1165314307037861
TOI0256,0.646319683729421,0.3033758197720666
TOI0257,4.091975477325174,0.77151417176917
TOI0258,3.334604665247044,0.2370157141157782
TOI0259,9.102225600981956,0.0
TOI0260,6.697202457284654,0.0
TOI0261,0.8305394628672322,0.4587423970613754
TOI0262,7.331672099029557,2.297175637152627
TOI0263,0.5574298024089673,0.0007682608461426765
TOI0264,1.9293312216112477,0.4749416574473926
TOI0265,1.6123399382923758,0.9411633999363398
TOI0266,2.8114370609916173,2.4649706478425073
TOI0267,1.2465572599783756,0.13695468091830693
TOI0268,1.9770995560916713,1.3486151065292797
TOI0269,2.3295576461419674,2.100400167178169
TOI0270,4.324101165772393,3.155544963010959
TOI0271,4.108234931690617,1.6550975668239811
TOI0272,1.23988709107717,0.4131500212725223
TOI0273,0.9540891818273882,0.4805483709069452
TOI0274,4.52431149822629,0.12165232479105727
TOI0275,1.287218388547388,0.45017279453916653
TOI0276,2.762077646000935,0.9145484587063254
TOI0277,2.8573247559705224,2.549750804277575
TOI0278,0.3242831140369058,0.025768583314340787
TOI0279,8.174035828659742,1.7518813366144022
TOI0280,7.957849319253842,2.0421506807461576
TOI0281,3.840066323977455,1.6910481516315012
TOI0282,3.1751089264844534,1.082542324954319
TOI0283,7.284703272517658,2.200648640921308
TOI0284,7.24327638014101,2.015522340805823
TOI0285,3.6318541898061047,3.012119348484984
TOI0286,6.6169819031614905,2.118861566445699
TOI0287,3.717822567262068,0.0
TOI0288,5.184208653462424,0.05267040265760037
TOI0289,0.20028346950213677,0.09601515459149637
TOI0290,2.210977324432112,1.6862037027094878
TOI0291,4.649262299618467,0.0
TOI0292,1.384964085471852,0.0
TOI0295,0.5655555569284,0.0
TOI0296,4.878036646375525,2.08619901992116
TOI0297,5.883092431595571,0.0
TOI0298,2.649652153537905,0.0
TOI0299,7.48953427912039,0.0
TOI0301,0.417456068444428,0.0
TOI0303,0.5930682579045301,0.0
TOI0304,6.412168306759244,0.0
TOI0305,2.2092073143717275,0.0
TOI0306,2.2725381890955934,0.0
TOI0307,3.508297549735429,0.0
TOI0309,4.383513007215406,0.0
TOI0310,1.4243151847419813,0.0
TOI0312,4.051018542620136,0.0
TOI0314,5.476370630452942,0.0
TOI0315,0.588999902559573,0.0
TOI0316,2.723555857965912,0.0
TOI0317,4.31322252021295,0.0
TOI0318,0.5362825285575278,0.0
TOI0320,0.1127705378087722,0.0
TOI0322,5.163833538975942,0.0771783342553071
TOI0323,2.7924673293020024,0.0
TOI0324,5.5860822522021865,0.0
TOI0325,0.4854317529183307,0.0
TOI0326,0.2473441518649569,3.851501529320012e-05
TOI0327,4.679634836362817,0.0
TOI0328,4.44935226903591,0.0
TOI0329,0.6628231082098619,0.0
TOI0330,6.1361061932556735,0.0
TOI0331,3.204932981874465,2.7114398816377308
TOI0332,0.1943647569724155,0.0
TOI0333,4.741642381784764,0.0
TOI0334,5.33749477989053,0.06284476038331015
TOI0336,3.995996583791461,2.567414405096265
TOI0338,1.3421780613126528,0.0
TOI0340,4.199789929769199,0.0
TOI0343,4.237492793045017,0.0
TOI0344,3.0625776376066765,0.0
TOI0345,0.341675917640206,0.0
TOI0346,3.4621839813944417,0.0
TOI0347,5.756217511588344,0.0
TOI0348,0.4941464704387951,0.0
TOI0349,2.702563996256804,0.0
TOI0350,0.502093871140827,0.0
TOI0351,0.5776370789293848,0.0
TOI0353,0.8069514531239086,0.48240648510758916
TOI0354,2.3459936859393995,0.8167120998280043
TOI0355,1.1161634351920302,0.9436277890962219
TOI0356,1.5570308283978007,0.0
TOI0357,7.723897060940024,0.07024591610544006
TOI0358,7.083819416093817,0.0
TOI0359,4.6044415338762885,0.0
TOI0360,0.1322320836806803,0.0
TOI0361,7.044972476060138,1.5444858759653552
TOI0362,0.8618552105557307,0.0
TOI0363,5.915063525330363,0.0
TOI0364,0.4955903574168162,0.0
TOI0365,3.9700019906677912,0.0
TOI0366,0.8477152076967702,0.0
TOI0367,5.1747107446837255,0.7116774886325992
TOI0368,5.4772185079382085,0.0
TOI0369,5.497003371363874,0.0
TOI0370,2.271197806873357,0.0
TOI0371,10.0,0.0
TOI0373,1.3491627034483982,0.0
TOI0374,2.821167257142608,0.0
TOI0375,3.204143759261825,1.6892430844766833
TOI0376,0.6188377856279643,0.06990442813444878
TOI0379,1.508979521444615,2.0390510569889506
TOI0380,0.5049061883077858,0.00013278705626751375
TOI0381,1.1259598661881776,0.4797512896856953
TOI0382,0.4563565307444224,0.0
TOI0383,6.162608322375647,2.608838025157128
TOI0384,7.22356660393142,1.357143621379171
TOI0385,0.6686794870474535,0.4929340288379958
TOI0386,5.723672807839532,1.1428204672884956
TOI0387,3.098820367641849,0.0
TOI0388,2.922780157410981,0.0
TOI0389,1.4666576906763042,0.36388689300314364
TOI0390,1.6461662339265482,1.2787417476731322
TOI0391,3.777416689063231,1.8277757929726324
TOI0392,5.780204117248703,0.5293998484272231
TOI0393,7.8617502196288775,2.138249780371122
TOI0394,0.5877089065427463,0.19610450147165048
TOI0395,3.1335833882989776,0.121663400862424
TOI0396,3.4876063607173386,0.319792705926839
TOI0397,0.6432922741216212,0.12831417755758226
TOI0398,1.0183571795330244,0.33835786409743496
TOI0399,1.305147300676049,0.36562020994323224
TOI0400,1.8158280614721012,0.005019104625333171
TOI0401,3.7979371034898706,1.725957012278093
TOI0402,7.625606732714101,1.9958614726922081
TOI0403,3.571187529083969,0.0
TOI0404,0.8763960781164685,0.6069687512090703
TOI0405,1.264573583222935,0.0026985226886601294
TOI0406,4.114654226095006,2.585635188506651
TOI0407,1.0816718470474016,0.0019176192844477845
TOI0408,2.4926217444280825,2.4264418045453735
TOI0409,7.04306090037121,2.0153187160004102
TOI0410,2.906908615046838,3.355157671260876
TOI0411,3.906003436184056,0.35010492233439294
TOI0412,1.7209013339919497,0.003307545224332225
TOI0413,1.023962180796276,0.4819180952534055
TOI0414,2.261594769252729,1.3489616218500162
TOI0415,4.3980048205981825,2.4188601324433248
TOI0416,3.4453594824410447,0.017739914463376305
TOI0417,3.716877086061313,1.1591198560237412
TOI0418,7.145522014265468,1.6139845753655664
TOI0419,4.3186121046687065,3.7010016604764266
TOI0420,7.886231329477944,1.0679245003401459
TOI0421,3.945964926073609,4.303227730087768
TOI0422,6.387221356866385,3.6127786431336153
TOI0423,1.9760457906596107,1.186468119869386
TOI0424,7.358196614659091,1.5919354370579626
TOI0425,2.683879272219702,0.8867041612505883
TOI0426,5.67756542361736,0.48770718552497616
TOI0427,0.6091475870795724,0.0
TOI0428,9.18636774335023,0.81363225664977
TOI0429,1.6280976057970356,1.9851358494610336
TOI0430,0.5860628092335781,0.0005486571953849939
TOI0431,8.056294172895726,2.487460676267948
TOI0432,1.123215433806386,0.00014851257795850392
TOI0433,0.5875268326805787,0.00020800679992352689
TOI0434,1.2073988267063016,0.7111384962674896
TOI0435,0.9194764896850606,0.5787219348777893
TOI0436,5.724827105805433,3.8972534838713955
TOI0437,0.45310771922074244,0.17087323466774368
TOI0438,4.154747340237718,0.0
TOI0439,1.9264614164932967,0.004213549758582014
TOI0440,2.580040277172232,2.883300157026382
TOI0441,1.4557265366741128,0.0
TOI0442,4.63499107851514,1.2646049292305248
TOI0443,0.9655402749365264,0.13652334828101098
TOI0444,5.902730664187108,1.1494269591613924
TOI0445,0.7653497558512548,0.0
TOI0446,1.7505874332872113,0.0006516926493109754
TOI0447,2.3051511765452415,1.2374337108432076
TOI0448,7.6300275345404955,1.992615032023054
TOI0449,1.8090218366290685,0.5098249767472495
TOI0450,5.665819610254769,0.052650030512913115
TOI0451,4.308434383021649,1.1955761156966578
TOI0452,2.8607375099471364,1.9089926659772143
TOI0453,0.9016458258046638,0.0
TOI0454,5.795929068571012,0.1231155807966629
TOI0455,1.3981902225987213,0.003403270262815228
TOI0456,0.175980187325314,0.09352965401517188
TOI0457,1.7652361091630193,0.5800095024780255
TOI0458,7.803153413654681,2.843456067760528
TOI0459,2.2201764752077935,0.011812022337323046
TOI0460,1.0341328971074877,0.0
TOI0461,10.0,0.0
TOI0462,3.4192846197640714,0.6539644107128407
TOI0463,2.5295570240631475,1.2544711482774649
TOI0464,2.3034253381955465,1.4844006958935894
TOI0465,0.5314587251526112,0.23660910148030168
TOI0466,0.9191858838454404,0.8201192450510602
TOI0467,4.766051842390069,0.15251143074707524
TOI0468,1.7678424200850307,1.132435576811982
TOI0469,5.757176229840448,4.242823770159552
TOI0470,2.9547455984536724,1.2236619299324625
TOI0471,1.5074759456384172,0.31033676903398155
TOI0472,0.5684512504859629,0.00035729787281912895
TOI0473,0.6557524565157782,0.13124529672126242
TOI0474,0.9455441598768568,0.31587459787553285
TOI0475,7.5464220308665775,2.4144946768408335
TOI0476,0.16692265183201307,0.009846769798234747
TOI0477,1.4696040372043182,0.0037726283466708033
TOI0478,3.0255963944458206,0.06702839406604649
TOI0479,0.8111296042428344,0.116242332236278
TOI0480,5.190274386415026,2.3768051962188967
TOI0481,2.9043824793938304,1.3860394048185471
TOI0482,0.39622568110893697,0.0072866634957765575
TOI0483,2.0766034328723624,1.4534070272179551
TOI0484,1.3847508014151333,0.9908849794105556
TOI0485,2.139276447776373,0.0
TOI0486,6.033774272231415,2.6031744339679093
TOI0487,7.243311798638998,1.867354080755287
TOI0488,0.42877624163971106,0.12925834665916572
TOI0489,1.2154636511804207,0.004483092438707148
TOI0490,2.1076734335383174,0.6978281386901654
TOI0491,0.972278758756179,0.13894532000498125
TOI0492,2.323820089717864,0.7610248401030123
TOI0493,3.593613577034098,0.4367402084839136
TOI0494,5.423212885958359,4.576787114041641
TOI0495,1.2764827071343463,0.0018850549875457144
TOI0496,0.9247130275881033,0.0
TOI0497,1.9640181089091033,0.47034558946814053
TOI0498,1.522403956581793,1.3848213738377138
TOI0499,4.182859035725942,3.223633589841893
TOI0500,5.377368365121138,3.407677450632185
TOI0501,1.1420287455338558,0.4039835140103697
TOI0502,0.9805220074526946,0.4889445288312799
TOI0503,4.394573164691527,2.548326479829446
TOI0504,1.5242897488840004,1.5733043756691176
TOI0505,1.80638289710542,0.91722662910737
TOI0506,3.4855199973725615,1.0514800315284978
TOI0507,1.801308243520265,0.004055892169780473
TOI0508,4.5513999540563725,0.0
TOI0509,7.87985548065004,2.1201445193499606
TOI0510,2.7000502837259805,0.011390304448987754
TOI0511,1.6798740337410951,0.0002464241722415772
TOI0512,3.7509407275322952,4.4210999975252685
TOI0513,0.7801900043638021,0.6801747910110166
TOI0514,0.9572933985751684,0.0
TOI0515,0.7796255251582282,0.0019454476118634656
TOI0516,1.0497143190705993,0.0
TOI0517,6.385606268473064,0.2454893350540335
TOI0518,6.138716944590538,0.10471816365012576
TOI0519,0.44292581955574006,0.1898916081114674
TOI0520,0.39123862874261417,0.1297269238155454
TOI0521,1.1199656275575967,0.9272023308459318
TOI0522,0.3970981419165037,0.00040182534412035176
TOI0523,1.5079028080178158,0.005861159388362434
TOI0524,0.821809966009734,0.0004724142386011987
TOI0525,4.2338853504598095,1.282624773798713
TOI0526,0.5936074730824941,0.0
TOI0527,3.8830180680134503,2.0509818259746853
TOI0528,4.402335156577907,0.15521303808351017
TOI0529,1.6649077410632114,0.0
TOI0530,3.168132317268907,2.8635245964321974
TOI0531,0.5687924994585875,0.0
TOI0532,2.3217888538446942,0.0
TOI0533,4.717621641352351,2.872728944132521
TOI0534,0.31096163111380604,0.05883360802195704
TOI0535,0.9437700572981029,0.47211748685202215
TOI0536,0.5664222521981779,0.3281535861463765
TOI0537,0.6470602389283324,0.3589779489617315
TOI0538,1.6543057215936836,0.014465827261599618
TOI0539,6.9735399257353095,3.332238223298275
TOI0540,0.7261598433386294,0.000473151513516377
TOI0541,1.799857742093426,0.6333165018888096
TOI0542,0.1529999054410551,0.05096325394038151
TOI0543,0.2656232223781161,0.0002923632666934767
TOI0544,8.78352878166328,1.2164712183367197
TOI0545,5.488433670636369,0.1484546001276401
TOI0546,2.4619300691700303,0.5482424451841625
TOI0547,0.6284148129638543,0.12555246175355164
TOI0548,0.4997876892261146,0.2756558027348433
TOI0549,0.34415582949320817,0.12165533993280758
TOI0550,9.447624015780761,0.1767618326379332
TOI0551,0.2427141125935105,0.16628276138477166
TOI0552,0.35838398942113153,0.05605166581146137
TOI0553,8.158326665329536,1.853892573580585
TOI0554,4.889695523254114,1.1218791813528664
TOI0555,0.9091444082942607,0.7512500034655276
TOI0556,6.306520555237458,0.0
TOI0557,7.996681842525078,2.0033181574749226
TOI0558,1.656443015988263,1.3332704341878383
TOI0559,1.1641704505396115,0.0
TOI0560,6.5950454954014335,0.9114214998124481
TOI0561,6.187003969563293,3.4153346119411427
TOI0562,3.6681504965429728,2.349029735699924
TOI0563,3.3493557687143283,2.976795791223752
TOI0564,8.463257263074981,0.464850993562244
TOI0565,1.9001925257211545,0.0
TOI0566,0.8494810430991335,0.0021127798978935156
TOI0567,1.1513933909511713,0.3814308324768229
TOI0568,1.4743078627810489,0.2688171883977509
TOI0569,6.177099145112986,0.9561731171461054
TOI0570,2.9934913440100956,3.086189601935855
TOI0571,1.3536762433955838,0.19013425203796835
TOI0572,1.168326462382109,0.0004313205845419277
TOI0573,2.828058431216026,2.512309817259838
TOI0574,2.0856451653418806,1.2623346724535385
TOI0575,2.5649127748350367,0.4803676136635421
TOI0576,3.410437905321931,2.0618650817724715
TOI0577,1.6597545407976895,0.0015498611322659617
TOI0578,1.5445325257141644,0.5170191786481841
TOI0579,0.9552367160086445,0.5574219047340274
TOI0580,4.873234832888713,0.13512308064851286
TOI0581,7.29830845726185,0.0
TOI0582,4.5483579412420205,0.17198168219665355
TOI0583,6.476565562635482,0.2187520435139747
TOI0584,2.5255530939923663,0.02382473984749056
TOI0586,0.4312473067247634,0.0004205962341515129
TOI0587,4.026275876773315,0.00776357069181266
TOI0588,3.3622069230886447,2.39276616327803
TOI0589,5.001837016644901,0.0
TOI0590,4.8313602630023205,1.6828286315664924
TOI0592,1.1566232585033112,0.0
TOI0593,3.471219727442367,0.0
TOI0594,2.5237123813728406,0.8211346170599509
TOI0595,3.8307211067050657,0.1948304874985052
TOI0596,1.5082615909484434,0.001114713867952144
TOI0598,1.7869695620448571,1.278419258697335
TOI0599,0.4148875180064385,0.0002195344236801816
TOI0600,4.938745403263856,3.081849901184991
TOI0601,10.0,0.0
TOI0602,3.629605066730724,0.0
TOI0603,5.592167342776135,0.0
TOI0604,0.5379215310267441,0.0
TOI0605,6.866334454411274,0.0
TOI0607,2.909735536984942,0.0
TOI0608,1.18878074492625,0.0
TOI0609,3.609641624752646,1.222625172867125
TOI0610,1.991988827543628,1.0685384476476556
TOI0611,5.558863740772619,0.0
TOI0612,9.621777752286913,0.005635789297492533
TOI0613,0.2595819360095091,0.0
TOI0614,0.4416320009904764,0.0
TOI0615,4.642433520399347,0.0
TOI0616,1.0495066250795109,0.3488132208281897
TOI0617,1.8309639698714744,0.6157100111127698
TOI0619,6.739698122391877,2.520326336177022
TOI0620,6.672731065038949,2.217293175724473
TOI0621,3.148547334537844,0.0
TOI0622,2.0475410628717237,1.2316444031559288
TOI0623,2.8837385403934026,2.128555055102774
TOI0624,2.759651639001571,0.0
TOI0625,1.5919964417978376,0.0
TOI0626,3.300115388440637,1.0913908026505728
TOI0627,1.1486320609565426,0.0
TOI0629,2.174268813371286,0.0
TOI0630,0.5476150798713484,0.0
TOI0631,2.5818336990877935,0.019414644106963475
TOI0632,2.8714704895941683,2.6285502933911005
TOI0633,3.31910505618556,2.992866424478804
TOI0634,6.415678696292559,0.08567409662031977
TOI0635,5.464463503337397,0.5501945004744995
TOI0636,0.4179042011888616,0.0002007041337836052
TOI0637,8.123335827800087,1.9754101969854982
TOI0638,4.632800841960984,0.08934814070582409
TOI0639,1.8939610376473643,0.9530560936707376
TOI0640,2.507360338981133,0.005208598372055451
TOI0641,0.943584851752114,0.0
TOI0642,2.250030068922604,0.0
TOI0643,2.287014746073752,1.0881362436516087
TOI0644,0.9625324707879628,0.0013929908609856267
TOI0645,0.91993906243383,0.0001340154119439385
TOI0646,3.0462594624934476,1.6068878775148645
TOI0647,5.27440841171811,0.0
TOI0649,2.250023891730345,0.0
TOI0650,0.770569197309425,0.0012921389144286738
TOI0651,0.5848996751918719,0.193309835884272
TOI0652,10.0,0.0
TOI0653,3.8346117940610513,0.5590192700135663
TOI0654,0.2548633642384615,0.0
TOI0655,0.788513790020452,0.0
TOI0656,0.4067038144168485,0.0
TOI0657,1.3315221571297098,0.19240125887943155
TOI0658,5.605549074581527,0.7266394772572491
TOI0659,5.605549074581527,0.7266394772572491
TOI0660,1.03989233133424,0.0
TOI0661,2.043720048686801,0.0
TOI0662,2.519089865878345,0.0
TOI0663,1.2007390450767397,0.0
TOI0666,3.3476125072523364,0.12564137043871834
TOI0667,3.866986617447893,3.4600421787422198
TOI0668,2.826300160465724,0.0
TOI0669,1.3257165168060423,0.0
TOI0670,4.935430557824491,0.2397809714193333
TOI0672,8.598244190766465,0.3286640622778898
TOI0673,3.66146222548306,1.328126351496759
TOI0674,0.7423155287104835,0.24819093482228316
TOI0675,0.5978189737876818,0.0
TOI0677,0.851630899477516,0.5699897230585008
TOI0678,2.7705106645313156,2.8845168120621634
TOI0679,2.010292504456288,0.0
TOI0680,0.4334143227203358,0.0
TOI0681,3.303833669636361,2.185023545934037
TOI0682,1.3739852349632269,0.0
TOI0683,0.568144831183366,0.0
TOI0684,5.6494418170131935,0.075168143344674
TOI0685,0.8017280273952809,0.0
TOI0686,3.730074241839457,0.5034471602097306
TOI0687,5.83007886058255,2.994934361350198
TOI0688,4.3742248154539,2.190103794655593
TOI0689,1.674131215744732,0.0
TOI0690,4.7891843413800546,0.8074717235821588
TOI0691,3.7861279204336498,0.06587578230525075
TOI0692,0.5195652485239465,0.0012556260388401075
TOI0693,9.250989266028085,0.007007836773945897
TOI0694,2.8921614878674045,2.517706132801299
TOI0695,4.485277852338538,2.301240908078487
TOI0696,0.5021696543651524,0.2822111341863228
TOI0697,6.471418795296691,2.0898843573090886
TOI0698,2.7579259635010724,2.609928697239324
TOI0699,2.714874053105404,2.1744673527137333
TOI0700,4.165296506886845,2.8184482783559237
TOI0701,4.207079867002958,2.027583184024325
TOI0702,4.1050447443910425,2.845100784678446
TOI0703,7.293411080048898,2.498792831327959
TOI0704,7.1040620584922545,2.50219747377412
TOI0705,7.64613145134888,2.2859369283947464
TOI0706,3.7741917643513587,3.31345691669628
TOI0707,2.915850091979012,1.9193207313512963
TOI0708,6.8188898140913485,1.6733473276809705
TOI0709,2.3655977033666074,3.0805306996864763
TOI0710,5.234504950188667,0.8235890784763447
TOI0711,8.426737397626356,1.7438259815526196
TOI0712,7.161144114486488,1.918031338785957
TOI0713,3.2852218262376494,2.381065837856418
TOI0714,2.357623186785062,1.7616048506731035
TOI0715,2.4184126498336194,2.3843568551797207
TOI0716,0.4176333391711802,0.0007052673567279205
TOI0717,3.128080664070726,2.597951829698644
TOI0718,5.049043102736143,3.473021440078255
TOI0719,2.0482597281811445,0.005945469319880492
TOI0720,5.071248782184519,2.608807688844884
TOI0721,2.77920385955469,2.6099194572249576
TOI0722,3.1612385710331514,2.251189722213747
TOI0723,8.300338807047522,1.7390574704395052
TOI0724,6.737030212021693,2.0223720211361433
TOI0725,6.108577227518502,0.3924574470608049
TOI0726,1.6173555551121694,0.0
TOI0727,4.978273065038492,1.1158755113295997
TOI0728,5.219594949446707,2.2859226082688098
TOI0729,3.736140355268224,0.0
TOI0730,0.4416575630692376,0.0
TOI0731,7.41838295271593,2.581617047284069
TOI0732,0.965532431314167,0.0
TOI0733,8.886543275967062,0.0
TOI0734,2.5918546735091557,2.2769510632572816
TOI0735,6.4399018949044935,2.3338407020789
TOI0736,5.955460456345115,0.0
TOI0737,0.8673318462563476,0.0
TOI0738,1.5101025275555304,1.3555716425229
TOI0739,5.461410323804533,2.0224828404856474
TOI0740,5.060260753217998,0.33197199980258607
TOI0741,6.310971039627661,1.5235793203527312
TOI0742,2.195852617473234,2.093316713899276
TOI0743,0.3730325229743151,0.0
TOI0744,0.6152761851716372,0.0
TOI0745,2.355044189099935,0.0064429071239417894
TOI0746,6.061340892344946,2.60101991525354
TOI0747,1.403990348665096,0.3975213461531084
TOI0748,1.014489110268177,0.00033137811975825215
TOI0749,0.4767096490968674,0.15901218730591016
TOI0750,0.41887153784512765,0.00010186533084305394
TOI0751,1.251741124380277,0.3078863573679682
TOI0752,3.2908575465010506,2.1396427928520176
TOI0753,0.5548941256832542,0.0012236703289373319
TOI0754,4.180892841348835,0.4491297164455661
TOI0755,6.1098438990118105,0.7902428493242877
TOI0756,2.0009033388302764,2.4307257504866695
TOI0757,3.6351468660803095,1.2437873188264514
TOI0758,2.2251142653944402,0.02450546398340403
TOI0759,2.10522000707065,0.010528081488444418
TOI0760,4.07244355430493,1.84763036402402
TOI0761,6.20885633620593,0.7319245537798587
TOI0762,1.5576457452845451,1.3853712859932157
TOI0763,2.3967796296163573,0.030742991802224395
TOI0764,2.5107164827169135,0.4491215950584419
TOI0765,1.7435747745187735,1.57799562487956
TOI0766,0.717382133592597,0.14319110064682228
TOI0767,1.2550931192243553,0.0
TOI0768,1.9837360026483999,0.826358172328771
TOI0769,1.4157100807632845,1.059879367917386
TOI0770,2.0303943772809814,1.127872359996522
TOI0771,1.5661717368976027,2.081519534728189
TOI0772,3.532765166698451,0.01741907218379468
TOI0773,1.0358316352963417,0.2067845746757526
TOI0774,3.298016555952617,1.074965011898588
TOI0775,2.4674723100534197,0.08254545798151423
TOI0776,10.0,0.0
TOI0777,4.151150202116781,0.03882126663202867
TOI0778,1.3543848017148286,0.19701151778647175
TOI0779,3.1825336861825178,0.008712831382894694
TOI0780,4.970981960487405,3.951018469531553
TOI0781,1.3592774946097994,0.0016969285119478594
TOI0782,3.1037795703291335,2.9716848081879377
TOI0783,7.983134021732581,2.016865978267419
TOI0784,4.560045905033801,3.908511231225051
TOI0785,8.041976491709141,1.5973440991478571
TOI0786,2.9115157129179585,1.9111815756270727
TOI0787,3.925800093428045,1.0135530252282592
TOI0788,3.5309281381021957,2.8817400369679116
TOI0789,4.0391251392183305,3.331316757278258
TOI0790,2.567176370788282,0.788362640114185
TOI0791,1.933864986269669,0.3651928146091908
TOI0792,2.9352381180469593,2.753095816831523
TOI0793,2.8349689097869293,2.406715410224553
TOI0794,3.225398673711822,2.5831630609816782
TOI0795,4.24121439844298,1.5652075963580823
TOI0796,5.179612862937394,1.6557010507986638
TOI0797,4.957043549144102,2.8351354278019216
TOI0798,5.647987271007005,3.1775569768323684
TOI0799,7.3474053726919335,1.8999981843194975
TOI0800,3.5337522115651727,1.5071667977355354
TOI0801,5.014078256692847,1.246259836558077
TOI0802,6.074621631781199,2.7936305982348
TOI0803,2.917119718659771,1.1694623785646192
TOI0804,1.6399350411581324,1.885485340357927
TOI0805,2.884350821119379,2.9467393714833103
TOI0806,6.665261553735268,2.8910441172493355
TOI0807,5.089910180740992,2.56341234686009
TOI0808,3.2503956820606295,2.407294199913629
TOI0809,1.9803572286701874,1.977829889427288
TOI0810,2.4958966204542445,2.232269202240642
TOI0811,3.1587975040781453,0.03751872940081169
TOI0812,2.957915077231411,1.4444242760122754
TOI0813,5.204994225526654,1.9084909333537758
TOI0814,4.445937926418664,2.0707910773789986
TOI0815,8.262717957872658,0.0
TOI0816,6.968907895899787,2.143336990083529
TOI0817,5.777251005346841,1.6487761879537648
TOI0818,1.5550744347250711,0.0
TOI0819,3.905658352700726,2.669260566014081
TOI0820,3.803483061831528,0.0
TOI0821,2.3789178350140316,1.0774790985688736
TOI0822,3.5092302889439093,0.014376502062924512
TOI0823,1.9105629507114577,1.5122777404817898
TOI0824,3.2036247388535717,2.567670847372612
TOI0825,4.2781327222113115,3.2170459993313223
TOI0826,2.6298936548973275,0.3304942188539446
TOI0827,2.1235502684720493,0.6781113498905392
TOI0828,1.330375942615607,0.0
TOI0829,4.577182204564909,1.4167218214712591
TOI0830,3.6747351858057047,0.896984508245833
TOI0831,3.486954765347299,0.03667589831057849
TOI0832,2.4498819345080696,1.9797496648785644
TOI0833,4.7511567682193245,0.4575412795807463
TOI0834,1.7837813627828698,0.632090814750768
TOI0835,8.251922565174661,2.4721548164083638
TOI0836,7.854027285903199,2.145972714096801
TOI0837,2.6145725133188753,0.6367408666785616
TOI0838,3.814349055894868,0.010870959640258082
TOI0839,1.0184213380124452,0.33117359106181854
TOI0840,1.2028655867826203,0.8226336986792679
TOI0841,2.101868646674266,2.177550078956538
TOI0842,1.200261514126602,1.0564369622735263
TOI0843,0.8942062117699352,0.17949529248342636
TOI0844,6.336263924329634,0.0
TOI0845,3.5053258912579603,0.0
TOI0846,5.280105770790476,1.7467686403962122
TOI0847,0.8045541123831914,0.0
TOI0848,10.0,0.0
TOI0850,0.628393117953813,0.0
TOI0851,0.2099960802991591,0.0
TOI0852,5.859050501519543,0.0
TOI0853,1.3707996003271972,0.0
TOI0854,2.0819293091771636,0.36157149467137717
TOI0856,5.768604971597211,0.0
TOI0857,1.302696166764723,0.0
TOI0858,4.187112844296411,1.4048953955868482
TOI0859,2.960137419951514,3.6937865353647705
TOI0860,3.070838001740956,0.0
TOI0861,4.569391079295519,3.0841157222317483
TOI0862,1.2686052543536932,0.14837087580760172
TOI0863,7.138191083771016,2.1545008028199484
TOI0864,6.192317452198672,4.021176886490664
TOI0865,1.4973636789946694,0.0026207896641940428
TOI0866,2.45336519935056,2.0965320308397586
TOI0867,2.7020570748511767,2.007360918512257
TOI0868,1.5357061499239044,1.7715291000279614
TOI0869,4.005740075071229,1.2398244349996392
TOI0870,9.418632994784232,0.851248095789009
TOI0871,7.205548171586554,2.3300825404032373
TOI0872,6.483288586281341,1.3899567408556293
TOI0873,5.233482947083289,3.293607708555822
TOI0874,3.2459972749921433,1.2933818675321083
TOI0875,9.417454545112289,0.14340513750621797
TOI0876,4.048274116483474,4.156705911458019
TOI0877,4.6276134703754055,3.96565016738772
TOI0878,4.317677916124877,2.5907787747003033
TOI0879,6.175803374613768,0.0
TOI0880,6.327014346279474,0.0
TOI0881,0.5680934291152352,0.0
TOI0882,2.4645938011036512,0.0
TOI0883,1.261433872392972,0.0
TOI0884,1.397901666324528,0.0
TOI0886,0.6398346879783825,0.0
TOI0887,2.6142246106595235,0.0
TOI0888,2.192720280977524,0.0
TOI0889,3.1465053485958627,2.3985012037797
TOI0890,1.5965856212302822,0.0
TOI0891,4.627379873809712,0.0
TOI0892,9.627399197997356,0.0
TOI0893,0.118319673437673,0.0
TOI0894,3.985082696273388,0.0
TOI0895,6.652820855419734,0.0
TOI0896,2.4883290453046,0.0
TOI0897,0.6462313344064288,0.0
TOI0898,1.114529397465893,0.0
TOI0899,3.1215773766751673,2.520684737068922
TOI0900,5.025337758335491,1.3259787457023366
TOI0901,2.429428531567517,0.8136326731343706
TOI0902,4.833525165224539,1.239570180127716
TOI0903,2.89519500015841,1.6069793764590405
TOI0904,8.267564774065729,1.5911597754653006
TOI0905,1.5033474885195706,1.538340422971443
TOI0906,5.840183261208878,4.159816738791122
TOI0907,1.2232793018555672,0.303837968978084
TOI0908,7.994436001767016,2.4805687602618245
TOI0909,3.013623462607554,1.0993394484771697
TOI0910,6.239019430064532,3.4386372748682645
TOI0911,6.406699487338869,2.0716263773259005
TOI0912,6.402695559667304,2.65328155028646
TOI0913,7.854291462973844,2.145708537026156
TOI0914,0.585529077340695,0.0015358320218765709
TOI0915,4.811876374050971,0.04747869804132269
TOI0916,3.3787649208812573,3.1627484329846003
TOI0917,2.127333277390499,1.2138903785791004
TOI0918,0.6100683614263079,0.27287908994311016
TOI0919,6.091152805229754,2.593151915118828
TOI0920,3.305856253487134,0.6236800284804729
TOI0921,5.829397087311454,2.451908647464316
TOI0922,2.541302708486815,1.7167641160159959
TOI0923,4.627987321218299,0.8489563260062348
TOI0924,0.7444400163838937,0.10561181443711776
TOI0925,2.794664975464877,1.415217780490824
TOI0926,0.359455016885518,0.0
TOI0927,0.998450603689515,0.017458184162847692
TOI0928,4.55390933695654,3.1332969404409154
TOI0929,0.33484380536758007,0.05312685193506973
TOI0930,3.023048104030987,1.1165198260915472
TOI0931,0.8113147744214468,0.0
TOI0932,2.5159510903152684,1.5501304166223908
TOI0933,2.4106488082678967,2.239501235162486
TOI0934,0.9811944660523738,0.4746489432283324
TOI0935,3.5860786053841207,1.657508012175227
TOI0936,3.9479474574126394,0.09904976843148551
TOI0938,7.212824765826716,0.0
TOI0939,1.0845317667299343,0.0
TOI0940,1.472500653335601,0.0
TOI0941,0.952592225114844,0.0
TOI0942,3.4063520558915377,0.0
TOI0943,0.6927207604694288,0.0
TOI0944,1.2205277341445977,0.0
TOI0945,0.8171327150387966,0.0
TOI0946,2.3351821220677382,2.173820796848492
TOI0949,5.189858235129477,0.0
TOI0951,1.4855662858290233,0.0
TOI0952,0.8972124980865686,0.0
TOI0953,1.4855662858290233,0.0
TOI0954,1.225933870754998,0.0
TOI0955,10.0,0.0
TOI0957,0.8277882630038123,0.0
TOI0958,0.2941643935150603,0.0
TOI0959,1.5494888132066982,0.0
TOI0960,0.40384022563299,0.0
TOI0961,4.465391148988564,0.0
TOI0962,2.050262719519216,0.0
TOI0963,9.255884774830728,0.0
TOI0964,0.6025416413337671,0.0
TOI0965,0.1880813596423065,0.0
TOI0966,4.801302364203826,0.0
TOI0967,3.453809918817715,2.413957330558173
TOI0968,1.4036012932683122,0.0
TOI0969,10.0,0.0
TOI0970,1.251642543125673,0.0
TOI0971,1.1916331304261183,0.0
TOI0972,0.8948305549893242,0.0
TOI0973,8.47308565548697,1.52691434451303
TOI0974,1.4134324021718163,0.0
TOI0975,8.07180863568467,1.1892071138855194
TOI0976,5.208598385847606,0.0
TOI0977,1.2929979417483144,0.0
TOI0978,1.3187886023069666,0.0
TOI0979,0.3688775286109008,0.0
TOI0980,0.6686342866499991,0.0
TOI0982,1.0425808259450826,0.0
TOI0983,0.5244631419445995,0.0
TOI0984,2.19274820430702,0.0
TOI0986,0.5478653565776958,0.0
TOI0987,1.042573567490941,0.0
TOI0988,0.1985930701196997,0.0
TOI0989,3.0101995396392733,0.0
TOI0990,2.310262292525273,0.0
TOI0991,10.0,0.0
TOI0992,2.132536549215281,0.0
TOI0993,2.942883683949421,0.0
TOI0994,0.4793016940464724,0.0
TOI0995,3.157329542609296,0.0
TOI0996,3.625112512005533,0.0
TOI0997,1.4695890570764958,0.36318310322019187
TOI0998,0.235152615437387,0.0
TOI0999,2.6024287394411827,3.6987857524683143
TOI1000,0.5415444963753223,0.0
TOI1001,1.933988177303632,0.0
TOI1002,0.9333638717662528,0.0
TOI1003,4.896512391781119,0.0
TOI1004,7.358043052894831,0.0
TOI1005,0.9097781508887808,0.0
TOI1006,1.257757511145042,0.0
TOI1007,1.7204642586011123,0.0
TOI1008,2.037168074472563,0.0
TOI1009,0.9867974998711704,0.0
TOI1010,0.6535264141798925,0.0
TOI1011,0.4126280248781071,0.0
TOI1012,0.8827982666698082,0.0
TOI1013,1.2697109033496514,0.0020804382722357517
TOI1014,0.7041208893653002,0.0002518153512579835
TOI1015,0.6854332830523251,0.0
TOI1016,0.7478814189018848,0.0
TOI1017,1.1033865836610377,3.6410006550691154e-05
TOI1018,5.0295187551951726,0.05178302486721211
TOI1019,0.9344636232573734,0.2655381554723075
TOI1020,7.083481938728607,0.0
TOI1021,6.32100625502636,0.36392275470058144
TOI1023,1.3264797545042255,0.001335116794112007
TOI1024,2.431674222170939,1.7590662712933947
TOI1025,1.176403457292225,0.0013075657632792344
TOI1026,6.49545095612407,2.3423372244968372
TOI1027,6.472325108964993,0.0
TOI1028,8.41665739698039,1.692592132132877
TOI1030,1.5953177075917118,0.004229219906372705
TOI1031,3.2409665125310463,0.5893326983692656
TOI1032,0.9428547535551776,0.0
TOI1033,4.237459422232338,2.72695497322614
TOI1034,0.3917770648858455,0.21300014882980378
TOI1035,1.5206687761627542,0.007788712507123208
TOI1036,3.732595531357123,0.0
TOI1037,3.767046275402879,0.00016381416163346874
TOI1038,0.8595434364663933,0.0
TOI1039,3.0762106347820293,8.74664717109841e-06
TOI1040,4.8159274622006025,3.3860964136534033
TOI1041,3.346375956508074,0.07962748629842359
TOI1042,10.0,0.0
TOI1043,5.683763988843433,0.32064784653573697
TOI1044,0.7556874966053164,0.25196503995248176
TOI1045,1.1724999880470448,0.0
TOI1046,5.831364409635843,1.797356325190579
TOI1047,5.184196421971438,0.21111786668692048
TOI1048,1.94661786579423,0.007634651601687359
TOI1049,7.488093968357072,2.511906031642929
TOI1050,0.9967866117674734,0.2503853532417534
TOI1051,2.230155528736898,1.9935987973970999
TOI1052,5.748840108182597,0.37489598600535956
TOI1053,8.606981793163747,1.3930182068362527
TOI1054,2.9238154253476507,1.2455158996491218
TOI1055,8.834200353090084,0.06738713108655325
TOI1056,5.947693040188533,0.8789953598970904
TOI1057,3.280002964427047,1.304075673549695
TOI1058,7.358508076014588,2.641491923985412
TOI1059,9.657403994477091,0.002872152315195109
TOI1060,5.502649500140437,0.6999135020313882
TOI1061,8.39400278455418,0.0
TOI1062,5.543197492187787,2.6386289972551107
TOI1063,7.93174713876597,0.11228972225447553
TOI1064,8.575317053117285,1.056136274061614
TOI1065,1.0792943355792188,0.0
TOI1066,0.6313007121295034,0.0
TOI1067,0.44715597680910535,0.0003496077953182297
TOI1068,0.792217116668497,0.0
TOI1069,1.1177911024408012,0.3735042860163614
TOI1070,1.1177911017374367,0.3735042853129969
TOI1071,1.772415981569587,0.0
TOI1072,6.335157478949355,2.4996788136940733
TOI1073,3.593650139019167,2.608882548892268
TOI1074,4.107036678597643,0.23479397301605165
TOI1075,10.0,0.0
TOI1076,1.5826660736406808,0.9464379789885378
TOI1077,0.6688991412182985,0.18926046261456772
TOI1078,3.629160492802953,3.456444436524435
TOI1079,1.0593215468037471,0.0
TOI1080,4.497487630131843,0.0
TOI1081,6.5662811985459415,0.0
TOI1082,9.28513380424605,0.6654146853958434
TOI1083,5.398833649090385,4.064725974953089
TOI1084,1.01257113294172,0.337838033849581
TOI1085,1.6276966195629472,0.004236577281671958
TOI1086,1.8566199512764268,0.003343445550338553
TOI1087,2.853189367146697,0.0
TOI1088,3.0067040768991995,0.0
TOI1089,4.88081620934846,0.0
TOI1091,0.8620091289773688,0.0
TOI1092,1.1934094563092523,0.0
TOI1093,0.746333530049986,0.0
TOI1094,7.08193949288877,0.0
TOI1095,1.1093706674260442,0.36800382067076304
TOI1096,3.3235269801858442,0.01123326090797569
TOI1097,5.0760319351642895,0.009994116636925732
TOI1098,1.5858175225925208,0.6002414576221352
TOI1099,7.876056512161286,2.123943487838714
TOI1100,2.470202822449999,2.3525908803538864
TOI1101,2.757092669522107,0.0
TOI1103,5.7371151316852735,0.0
TOI1104,4.13785925946937,2.643003300154308
TOI1105,6.718171847216832,1.2327555832299073
TOI1106,1.4047012474284817,0.0
TOI1107,1.5316957895280623,0.5089434515824542
TOI1109,7.439342891596358,1.0399908632205088
TOI1110,8.901581424841586,0.0
TOI1111,5.403284686925256,0.0
TOI1112,2.111008316080237,0.009329729963821701
TOI1114,1.2445293941773907,0.00029171071030176243
TOI1116,6.508678167166112,2.0220381555120532
TOI1117,1.096163050808852,0.0
TOI1119,2.7819998975733737,0.0
TOI1120,0.8298346083010556,0.0
TOI1124,1.224899600697799,0.5226314182710251
TOI1125,0.7714057899458935,0.0
TOI1127,2.3349748214342343,0.0
TOI1128,6.057998289654353,0.0
TOI1130,4.099673429457246,0.0
TOI1131,1.5568517557153574,1.6670545803247991
TOI1132,0.5932064710741836,0.0
TOI1133,4.432003410514264,0.49811261257930806
TOI1134,2.388667488942186,0.49021405443448424
TOI1135,5.169526172060423,0.19821391571696562
TOI1136,7.884994482267693,1.8064482581771069
TOI1138,0.6495400974576495,0.0009535964252604024
TOI1139,3.106587239236968,0.0
TOI1140,2.3522161301673115,1.4143250130420109
TOI1141,7.237290218466446,2.0238810179335984
TOI1142,3.4068619444558914,0.06607531225955132
TOI1143,4.036987240534133,1.8136112662323551
TOI1144,8.610627434683167,1.3147947093965742
TOI1145,0.7268609404298992,0.0004214044125796512
TOI1146,2.492847120966156,0.001653441256623811
TOI1147,7.585058476058976,1.7526943669238468
TOI1148,1.988238648626743,0.7023516131673909
TOI1149,1.1581037873738662,0.0
TOI1150,1.481548990722337,0.0022603921366188724
TOI1151,1.5463983781876376,0.27459294970662385
TOI1152,1.5494982780179973,0.6194161843901691
TOI1153,3.595349097592396,1.1722601140077464
TOI1154,6.108699500294557,2.0320335460870953
TOI1156,1.6872238280998306,0.0
TOI1157,4.1295404250048495,0.19558373645946647
TOI1158,2.931426809553637,0.0
TOI1160,7.915974401555598,0.0
TOI1161,1.4119142356930023,0.43310334294059827
TOI1162,1.1334339497274193,0.0
TOI1163,5.426862078159189,0.7879943367253587
TOI1165,0.9155400914249977,0.5598937670536822
TOI1166,0.4714219301221135,0.0
TOI1167,2.8311143776832335,2.268809980391314
TOI1169,3.852451093363416,0.0
TOI1172,3.9198672599174857,0.014036325822675555
TOI1173,1.0785683574683,0.5174294613464149
TOI1174,7.487813850407844,1.379065764204698
TOI1175,2.3812277382305798,1.385455621924402
TOI1176,2.72013755993805,1.1154498991000807
TOI1178,7.98748127650833,2.3666932038101125
TOI1179,7.158167943546161,1.5847183290113138
TOI1180,8.134501307368057,2.6501429160716206
TOI1181,1.4749124843008496,0.5187881038006612
TOI1182,2.6432993380192302,0.0
TOI1183,4.414943672593155,1.2171892758542855
TOI1184,7.3053421240256755,1.848202283530103
TOI1186,3.4486261504390527,1.586923455333764
TOI1187,2.917249580344901,0.014140418354131157
TOI1188,2.7528086760413752,0.0
TOI1189,0.16108372237796553,0.04777711285302184
TOI1190,1.0550500346957703,0.0034870209149870336
TOI1191,0.4161052764866834,0.0009094982942520341
TOI1192,3.9371049406606424,0.9331773640562997
TOI1194,1.1758713093490685,0.9340533457691365
TOI1195,5.402331965064797,0.0
TOI1196,5.300783174120601,0.0
TOI1197,1.5309637782861374,0.0
TOI1198,1.801556611777961,0.0
TOI1199,0.7333055653875687,0.0
TOI1200,1.66638733684321,0.00027977263132905605
TOI1201,9.635420500256414,0.36457949974358606
TOI1202,2.6526183832128876,0.05816816548319074
TOI1203,3.4359047144208725,0.1929701544153094
TOI1204,6.692730627507472,1.8522030189391965
TOI1205,2.593184782677898,1.0563865135033992
TOI1206,3.9614401307874574,0.9831151221592683
TOI1207,2.3773221811506846,2.73492875509288
TOI1208,7.981410004738777,3.257427285808091
TOI1209,4.033792150249952,2.4241796423787716
TOI1210,4.696685287861407,2.74323483834585
TOI1211,5.667739984476617,3.178271163873909
TOI1212,2.1312035487990864,2.0029860410453364
TOI1213,2.106415629221483,0.7851402515820853
TOI1214,1.122226277151379,1.0155479458885799
TOI1215,6.170000248875744,2.539784259581394
TOI1216,7.221198744162765,1.8185873927643934
TOI1217,3.5088990066325696,0.5532257437362097
TOI1218,7.478166875306319,2.4140088589045243
TOI1219,1.9761038998325393,2.380813248287451
TOI1220,6.243910153969708,1.482212121896613
TOI1221,4.478841930880169,2.136454759633484
TOI1222,2.5266461973407606,2.1349537162151178
TOI1223,5.801239235271872,2.4426066935437634
TOI1224,1.1056337912655576,0.24500275549449094
TOI1225,6.66902606694766,1.4720537496183406
TOI1226,3.996156421581649,2.336607590959936
TOI1227,1.6567800012341862,0.0032589234125224627
TOI1228,2.435190637647223,1.4777897249256953
TOI1229,3.4175189484330075,2.708257390639082
TOI1230,4.363937008092186,3.51860341357104
TOI1231,3.849937804928127,1.4689272017306163
TOI1232,1.2270819111629112,0.29783667790626484
TOI1233,6.282252561153359,1.1746111735635358
TOI1234,1.7301665128897912,0.5965873460910173
TOI1235,3.44134339570065,2.202176700125078
TOI1236,1.6014773431020597,1.0192589767981381
TOI1237,4.395885947649088,3.9871853192811915
TOI1238,5.206246182905796,2.7844448542783438
TOI1239,6.109915555697849,0.28494956505482205
TOI1240,1.6518351995794862,2.173615124586522
TOI1241,3.33889939219689,1.8712202562633808
TOI1242,6.100750975934651,1.940570761961085
TOI1243,7.119141998932531,1.8333777410270156
TOI1244,5.684906347295089,3.1632036229287026
TOI1245,8.069786937889898,1.3886274016681532
TOI1246,3.167270515021309,2.654776035804966
TOI1247,4.173161102562435,2.7401306288750593
TOI1248,2.0311292187471057,2.5862803670141172
TOI1249,3.8399615270074277,1.9719538477927523
TOI1250,6.425005603506446,2.398828996034857
TOI1251,3.9313503771833425,3.158053514306746
TOI1252,1.8412211339697049,0.2664812048494092
TOI1253,4.057081555489598,3.0011128436419967
TOI1254,1.2697477944525517,0.4368438035050799
TOI1255,6.609111281334075,2.42678469950386
TOI1256,7.385862887527817,1.8508851672140532
TOI1257,1.9061381792103707,0.8184313457138079
TOI1258,4.399365880923754,1.6784317512181408
TOI1259,2.5444610168874346,2.512172857607899
TOI1260,7.5231705965508135,1.942432288462925
TOI1261,5.358939342852574,0.14263662524878684
TOI1262,1.6134358646900318,1.9982880933669884
TOI1263,8.579823179850788,0.4062877416172417
TOI1264,2.706795379710739,3.331889735525082
TOI1265,1.1022335070139893,0.0017482090442617968
TOI1266,3.9169516715119657,3.6257158162691536
TOI1267,1.9998213627122823,0.5368867639335168
TOI1268,7.598742215343828,2.404067980697772
TOI1269,4.316597810879261,2.7431304766083087
TOI1270,5.184391328142395,1.924829587152704
TOI1271,7.666493826849617,1.7017962876961716
TOI1272,8.243149490821061,2.228953161267916
TOI1273,2.3000747389396086,2.298607656248363
TOI1274,3.1408763511347213,2.0758062811142652
TOI1275,5.543785466551735,0.0
TOI1276,5.0829427579747755,0.12128706423686708
TOI1277,7.681835562862733,1.1750592632937673
TOI1278,5.536143059867569,0.0
TOI1279,7.062923480885268,2.9836464971871877
TOI1280,6.588050827647144,3.140084943950295
TOI1281,2.4681771624914055,1.6353852673731544
TOI1282,0.9685740973407215,0.000243433231872342
TOI1283,1.295462188246926,0.0
TOI1284,0.9709010238954723,0.3341806940840811
TOI1285,5.974423896399312,1.2428763605842719
TOI1286,0.2055995601066523,4.4416868326492553e-05
TOI1287,6.084723262661642,1.9660895290517828
TOI1288,0.9755449124819651,0.9031868531414377
TOI1289,1.3581156075363505,1.5101924845469537
TOI1290,2.4737804551543086,1.8346790412490566
TOI1291,2.8587962441925483,1.6749203276232039
TOI1292,1.6546978994549202,0.9773219582639929
TOI1293,0.2099216739027015,0.0
TOI1294,0.524768497008154,0.035635213490242054
TOI1295,1.3757940193121039,0.32273822130906854
TOI1296,1.7070144785599226,0.3212753900634863
TOI1297,1.9609828070091424,0.0
TOI1298,1.1892433713668924,0.5118058542465419
TOI1299,4.414943672725475,1.2171892757735496
TOI1300,1.438744319614765,0.0
TOI1301,7.280735504134412,2.088252533301278
TOI1302,2.811006589463766,0.0
TOI1304,5.154015076683156,0.0
TOI1305,3.9198672599174857,0.014036325822675555
TOI1306,2.7435564362094937,2.446194369187333
TOI1307,2.8729139452883405,0.03015655886905544
TOI1308,2.7246128001674554,0.0
TOI1309,1.1244147976045618,0.3728049574343158
TOI1311,3.0825908333888936,0.023983626331129493
TOI1312,2.2233757454005563,0.0
TOI1313,3.933925475586036,0.0
TOI1323,1.0237392779831502,0.0014691677130516112
TOI1327,3.933923945069598,0.0
TOI1330,4.011548447263698,0.44597618173812403
TOI1334,3.4269018814235435,0.0
TOI1335,0.2545395717479498,0.0
TOI1336,0.9613171056916436,0.0
TOI1337,1.6773043273339636,0.0
TOI1338,2.1979281812933418,1.9945499543656322
TOI1339,1.3808321990478274,1.1403101856237947
TOI1340,2.0810313479647555,1.6342168374894785
TOI1341,3.2300160642457705,0.04025456455589814
TOI1342,0.201955570746537,0.0
TOI1344,2.3522161301673115,1.4143250130420109
TOI1345,2.7303205837341253,2.525559020462419
TOI1346,7.0930362188310765,2.0644589783232314
TOI1347,7.221974999871762,1.5422572913296881
TOI1348,5.782224280971076,3.208287489118978
TOI1349,4.393483651808553,3.524572075386671
TOI1350,1.838954349141652,0.0
TOI1351,4.414943672593155,1.2171892758542855
TOI1363,6.2590835056947505,3.7409164943052495
TOI1364,1.782577662102418,0.0
TOI1366,1.2369719514624615,0.0
TOI1370,0.5257115277096942,0.0
TOI1383,0.8654106633396342,0.0
TOI1385,1.6925077043571015,0.5598726586281275
TOI1400,2.6806295725622253,0.0
TOI1401,1.0993795064456473,0.0049335759509281304
TOI1402,0.8752438871719544,0.0
TOI1404,3.219322319253982,0.6443855141881557
TOI1405,3.8180094338820685,2.1831781893503104
TOI1406,3.5971469013208535,2.011154827931755
TOI1407,2.1521955097270222,1.2143022670430104
TOI1408,4.686857644387353,1.9301463862931774
TOI1409,2.358622950604551,0.0
TOI1410,0.1521757101245844,0.0
TOI1411,7.807707478125617,1.8056764304890247
TOI1412,2.4672713486072255,0.023438907748714672
TOI1413,0.2980989495643631,0.0
TOI1414,0.4313250486718612,0.0
TOI1415,3.0842936424511844,0.6695486031570491
TOI1416,7.171860019084671,1.3932179871034522
TOI1417,0.5858478228888894,0.0
TOI1418,1.4608886320369396,2.1076534895599064
TOI1419,0.7733228007536888,0.19387230206333647
TOI1420,0.6828006126991104,0.18634921364377607
TOI1421,0.5167836728371469,0.0003709132809220639
TOI1422,4.775578252300637,2.6425838034816787
TOI1423,0.1214756828853301,0.0
TOI1424,1.4367591298198914,0.0
TOI1425,2.060881101011942,0.003907614109481721
TOI1428,3.0257724804919945,0.0
TOI1429,6.62026792140022,1.0841820651658658
TOI1430,6.569141100981681,2.1117842581297297
TOI1431,1.3228626027519341,0.001092897033099005
TOI1432,6.05055909559273,0.14397835498104072
TOI1433,4.954678812999378,3.373850038261763
TOI1434,8.6755231754995,1.7622364745021142
TOI1435,5.90151242370337,1.2426025106247185
TOI1436,7.582989136204032,2.7017871249874155
TOI1437,4.810596639947129,1.288801419640759
TOI1438,8.750035221014015,1.6492425725425126
TOI1439,3.7452991087739997,2.9246985592748658
TOI1440,3.6606453097437663,1.3033108054366047
TOI1441,3.5158006862526596,2.3379832959880424
TOI1442,3.577823860674078,2.8962609535808697
TOI1443,4.433317770071663,3.21869638803175
TOI1444,4.374582970771605,2.7248084708915257
TOI1445,7.208011401124287,2.25853146881715
TOI1446,2.5569571003659557,1.569981658965428
TOI1447,1.2265798765257252,0.004594389742518516
TOI1448,3.786287200027308,3.6455734428070996
TOI1449,7.708054428130464,1.6736030092981138
TOI1450,2.0771820194883266,0.24382240183030401
TOI1451,5.222733514075882,1.2611497819550992
TOI1452,1.9074811274941708,2.485421780878136
TOI1453,4.704628700907539,3.493231978106442
TOI1454,3.66296587971947,0.0
TOI1455,1.821090646545691,0.004078584972465882
TOI1456,4.709242929388846,1.2387223160982863
TOI1457,1.9371783454128195,0.0
TOI1458,0.9263526774432678,0.0
TOI1459,10.0,0.0
TOI1460,0.976013211557108,0.0
TOI1461,2.259791976833287,0.0
TOI1462,7.398584811002362,2.5447253964146603
TOI1463,9.19507916439613,0.0
TOI1464,6.966282637690758,2.8436871136748962
TOI1465,1.1356871086573619,0.3479983088680242
TOI1466,7.96673154853347,2.0332684514665296
TOI1467,5.669330135083245,1.9197935623624516
TOI1468,1.6933057210884372,0.0
TOI1469,5.998132428393882,0.6459972769060178
TOI1470,10.0,0.0
TOI1471,6.220083245880709,0.0
TOI1472,0.1899216343982191,0.0
TOI1473,4.8086496699909125,0.0
TOI1474,1.7624358846615376,0.8916500457526808
TOI1475,0.8404244293875939,0.0
TOI1476,0.608023177966401,0.0
TOI1477,1.373034776793231,0.0
TOI1478,1.7003006023568248,0.0
TOI1479,1.9870062997565565,0.41915880490025614
TOI1485,3.9891291674086085,2.13645086369338
TOI1486,3.5763412206947325,4.177504839540973
TOI1487,2.0916659067358734,1.4849401527632928
TOI1488,1.0519853586297545,1.8774632261641053
TOI1489,1.6416310709730684,0.5296299533438024
TOI1490,3.081144477245968,0.0
TOI1492,10.0,0.0
TOI1507,0.46784261174310215,5.551105708571924e-05
TOI1525,10.0,0.0
TOI1537,4.897663858556428,0.100474130749026
TOI1538,5.929309710046182,0.0
TOI1542,2.875032043995854,1.072693056751157
TOI1548,3.8614549197329855,0.0
TOI1552,1.3316990354418654,0.0006549083041701986
TOI1554,5.5328884239259475,0.2249113719787444
TOI1555,2.0348824047483816,0.2964832752148176
TOI1563,5.953633286339866,0.0
TOI1572,8.871934437590943,0.0
TOI1573,4.362190366132227,1.8815223483410788
TOI1574,1.7214965415355712,0.0
TOI1589,3.4089480815511704,1.1195100860380127
TOI1592,2.760653158020653,0.0
TOI1598,10.0,0.0
TOI1599,1.220690516406107,0.0
TOI1608,2.6533043659072675,0.0
TOI1609,5.485862592199714,1.5260942267144577
TOI1610,7.452076704664099,2.144714553891479
TOI1611,5.887511370519195,2.8103714501510506
TOI1612,2.4070510322946324,0.6908567445083307
TOI1615,1.9752077096208247,0.0
TOI1616,5.822781709981373,0.0
TOI1617,4.7221720383465655,2.6758866030378705
TOI1621,3.155867335443624,1.1458943397935002
TOI1622,0.8572770371139751,0.0012698377978495323
TOI1626,1.1122669003298844,0.0014757847273774716
TOI1627,1.003669414709926,0.47028058433014447
TOI1628,1.3373247753640214,0.4600388182885826
TOI1629,2.627820891930478,1.979396648703421
TOI1630,6.312291220020599,2.2009419910462875
TOI1631,10.0,0.0
TOI1632,2.52429821865261,0.0
TOI1633,2.9401088496841856,1.7127475005078854
TOI1634,10.0,0.0
TOI1635,1.5810123395513278,1.7635255246424086
TOI1636,5.670468325387261,0.0
TOI1637,2.022095606363946,0.0
TOI1638,1.8285934989541992,0.0
TOI1639,10.0,0.0
TOI1640,1.9362152398425314,1.9619333645531463
TOI1641,4.497001953201639,0.0
TOI1642,2.8487626410804956,2.848016338293769
TOI1643,7.3930914799629965,2.195093593994116
TOI1644,1.87053797325718,0.0
TOI1645,2.1857803495835806,0.0
TOI1646,6.587328414386777,0.03738765917628917
TOI1647,6.462829628671646,0.21963733678249153
TOI1651,1.7188726548987474,1.2597117660486876
TOI1652,1.4322693297147573,1.4519274538585776
TOI1654,4.134338610277961,1.166441299759856
TOI1659,5.143173366782658,1.7996514586414794
TOI1660,8.927838277550181,0.0
TOI1664,5.330140801223354,2.787882662832627
TOI1668,1.942789242285426,0.5429742499427616
TOI1669,3.3102246671305156,2.468538029454764
TOI1670,3.88849365970066,2.241703429540445
TOI1671,0.3125717451947464,0.0
TOI1676,3.2063221965723367,0.0
TOI1680,3.850499945004064,2.127371835401077
TOI1681,0.7770524553477318,0.0
TOI1682,0.6836563134712684,0.0
TOI1683,10.0,0.0
TOI1684,0.5774210268153591,0.0
TOI1685,0.6682505781523445,0.0
TOI1686,5.6786660553880495,0.0
TOI1687,3.25700140621946,0.025016690741395103
TOI1688,3.3316032496836563,0.0
TOI1689,7.622140271195908,2.15028461470478
TOI1690,4.132856564699459,2.572126943868481
TOI1691,2.572586034043495,1.566985826446134
TOI1692,1.6393158253857987,0.9787661282322644
TOI1693,7.131055893838806,0.0
TOI1694,0.8978974379523518,0.3594093843104925
TOI1695,4.129467777868741,3.104805130193229
TOI1696,1.3327196221851343,0.0
TOI1697,6.828582844015256,2.007497613499949
TOI1705,4.259832033374233,0.0
TOI1706,5.32093134791639,2.84320020752531
TOI1710,8.138328499518567,1.2237494424667934
TOI1711,7.899057408259182,0.0
TOI1713,0.5583857974811682,0.0
TOI1714,1.1577693699627007,0.0
TOI1715,2.310677178536035,0.4444060105738614
TOI1716,5.938427588738746,0.0
TOI1717,0.3044918851506076,0.0
TOI1718,10.0,0.0
TOI1719,4.9994687417838595,0.682607343226586
TOI1720,1.307292803661213,0.0
TOI1721,1.3756125338347005,0.0
TOI1722,3.909504419936116,0.0
TOI1723,7.903701651597329,2.096298348402671
TOI1724,9.633945755690569,0.0
TOI1725,1.0905801280246967,0.0
TOI1726,6.369658609674826,0.0
TOI1727,10.0,0.0
TOI1728,0.3493622345217371,0.0
TOI1729,5.651856464540287,1.8814265031099133
TOI1730,5.807398461866636,0.0
TOI1731,1.313814048883118,0.0
TOI1732,5.561943375731966,0.0
TOI1734,5.583592023119924,2.456806767436196
TOI1735,3.366312541280448,1.4379726842219602
TOI1736,6.6316986878697675,3.2324699414290743
TOI1737,4.576201629300336,1.8212051205123334
TOI1738,1.017526571553242,0.8728243060395815
TOI1739,6.924447238643429,1.2418752061076526
TOI1740,3.5876505599728334,1.9577060036330327
TOI1741,6.286090989619881,2.7915570616956633
TOI1742,5.298973698798032,3.036283538221829
TOI1743,3.2189358342412686,2.7981145029937644
TOI1744,5.001039012351076,2.2906102931893524
TOI1745,5.682157162653763,2.3870925614979397
TOI1746,4.876236925713346,2.4804621794397153
TOI1747,7.731975130172566,2.0761292442505623
TOI1748,5.83776147289082,1.1727782223306065
TOI1749,2.927150506074901,2.7258352919579782
TOI1750,3.092062373441281,2.6616016874322805
TOI1751,3.2787862272940385,1.7763984954957759
TOI1752,3.48145488962198,3.1097461161099282
TOI1753,4.478106556627419,2.7140918676377646
TOI1754,6.232121357236176,2.154105469659499
TOI1755,5.128117383797599,2.2148023217637594
TOI1756,7.617741100851371,2.122701828652687
TOI1757,9.270398704990477,1.4481884699315215
TOI1758,4.460795352322389,0.9897401713749618
TOI1759,5.644351906019505,3.343798439956952
TOI1760,1.9074811274941708,2.485421780878136
TOI1761,5.505859821571332,1.6483045814015558
TOI1762,10.0,0.0
TOI1763,3.659771083815783,2.416650170180578
TOI1764,7.671842250260542,2.681351289573165
TOI1765,1.8287969733686786,1.568963931051322
TOI1766,0.6760435901036903,0.0
TOI1767,1.4441584630554554,0.0
TOI1768,5.325802125936258,0.0
TOI1769,4.940877610680242,0.0
TOI1770,0.5465324165359238,0.0
TOI1771,1.0709361640044202,0.0
TOI1772,6.613055863845552,0.0
TOI1773,0.7363553218763585,0.0
TOI1774,6.613029593900109,0.0
TOI1775,5.430602333044693,0.0
TOI1776,6.308805437716346,0.0
TOI1777,6.308762278014519,0.0
TOI1778,0.5021603393774694,0.0
TOI1779,0.9382621448873444,0.0
TOI1780,10.0,0.0
TOI1781,1.4833924345293514,0.0
TOI1782,4.629580758446091,1.046646306965646
TOI1783,7.283823768754024,1.8945093606811216
TOI1784,2.1141080217027275,0.0
TOI1785,4.842406920522119,0.9899248289364753
TOI1790,4.746223288252295,1.2764211930095
TOI1791,3.8904066832754816,1.700450279000205
TOI1792,9.647215248954028,0.0
TOI1793,4.714526864632744,3.636663093701485
TOI1794,4.167255339697533,1.7305855247129807
TOI1795,2.133198821556537,0.0
TOI1796,0.5288825387612427,0.0
TOI1797,6.226254845132167,0.0
TOI1798,5.5621938115260585,0.9754237202239993
TOI1799,0.253315530358376,0.0
TOI1800,4.270608996430959,0.0
TOI1801,7.915468442657737,0.0
TOI1802,2.900170137043957,0.0
TOI1803,4.515326979386068,0.0
TOI1804,7.599268076259778,0.0
TOI1805,2.0200484098783558,1.764242660206638
TOI1806,6.30992939646846,0.0
TOI1807,4.299042571460402,0.004866314081342971
TOI1808,0.4211281426012472,0.0
TOI1809,1.1573886373132516,0.0
TOI1810,0.6631907894709909,0.0
TOI1811,0.9251047405680156,0.0
TOI1812,7.197862760077737,2.5581069345534777
TOI1813,2.0719074259812027,1.5809650995593014
TOI1814,1.800503391162898,0.2355826230731482
TOI1815,1.2806570210399786,0.0
TOI1816,2.582027288728259,1.5307029994820107
TOI1819,0.9296324434339812,0.03564299776619341
TOI1821,3.9127573483694,0.0
TOI1823,5.091382184157469,3.0472360878099765
TOI1824,7.302684609459495,1.9291610755975581
TOI1825,1.3095395593589025,1.040202127887042
TOI1826,1.4399347876144915,0.5584770003403539
TOI1827,3.816536949950335,0.0
TOI1828,3.1418886857502266,3.191718683517185
TOI1829,6.436638042969623,1.987610267914725
TOI1830,2.1032057627753105,0.009319896995948374
TOI1831,1.888787863671312,0.0
TOI1832,2.3671746586386346,2.259338223745903
TOI1833,1.8559931914546743,0.0
TOI1834,0.4056528603950317,0.0
TOI1835,4.597904683318437,0.0
TOI1836,3.3009010579306377,1.9451790885226092
TOI1837,2.910240856635573,0.0
TOI1838,0.9054815297246313,0.2561149225891919
TOI1839,2.3360998229486043,0.0
TOI1840,2.6168894399625025,0.0
TOI1841,1.435471935891942,0.0
TOI1842,3.7979462870622167,0.0
TOI1843,4.623801192237673,1.2130771073948692
TOI1844,1.072611382125462,0.0
TOI1845,0.6905371960904299,0.2296588076765003
TOI1846,6.9989668196605805,2.475043285121655
TOI1847,0.9780180121181404,0.0
TOI1859,4.1097838819878625,2.613633428709818
TOI1860,4.430867159860451,0.06377306911581496
TOI1861,8.726167772164315,1.799061780493169
TOI1862,3.292255534449263,1.9155021231609488
TOI1863,1.911417984504388,1.5649427892067793
TOI1864,1.4793015763424564,0.32762632303699457
TOI1865,3.6680353167592195,1.283773719821001
TOI1866,5.547540520076687,0.039684011757534776
TOI1867,1.598674574616783,1.0819683726216713
TOI1868,1.7965557541146473,1.8530415445231367
TOI1869,7.742723243899563,2.2572767561004374
TOI1870,1.3834313844401958,0.0023052899322435682
TOI1871,7.478768968549578,2.0430802353800273
TOI1872,2.8297890074998957,2.450548028507393
TOI1873,4.44749067927661,1.221878761883118
TOI1874,1.4434808383782336,0.43308480176464126
TOI1875,5.318353808093028,1.8453460738442329
TOI1876,1.1863068040630387,0.8651339970212347
TOI1877,1.8818637481428133,0.0715297392637164
TOI1878,1.1809532865402028,1.1636388060449323
TOI1879,2.8141457263137433,1.4108459955684451
TOI1880,3.4012660908644365,0.008975930169267898
TOI1881,0.8367718754845711,0.2777654083679132
TOI1882,3.093112091237614,0.013827891141557025
TOI1883,8.887210306443952,0.0
TOI1884,4.135254146155169,4.050582606067783
TOI1885,3.1468196900852563,2.5507133777705073
TOI1886,1.2544958993902515,0.0
TOI1887,1.7344406160550716,2.036053446662546
TOI1888,2.783914439634259,0.010858899880003214
TOI1889,1.627832249679599,1.49730492159954
TOI1890,1.4369914063001903,0.7724475496414535
TOI1891,2.9773503593644817,0.15770387119443274
TOI1892,2.878762999589802,2.612792596017317
TOI1893,0.567822400378188,0.2927405594634632
TOI1894,1.8248818483417149,2.078450961945289
TOI1895,3.292369402370799,3.6698791796139942
TOI1896,0.7066279919641809,0.5807424123167175
TOI1897,3.28759310388026,0.9845187878546083
TOI1898,3.7282412166795886,0.0
TOI1899,8.410859814196607,0.9201191049861612
TOI1900,1.9231612701443932,1.1604928599477315
TOI1901,1.3633905859789976,0.0
TOI1902,0.4024341598705318,0.0
TOI1903,2.5839498429190573,1.3025935435805898
TOI1904,0.8634828164274567,0.0
TOI1906,0.9618986495569576,0.0
TOI1907,1.0021824063526732,0.08878012948109038
TOI1909,5.3123986637317575,3.6487430943086134
TOI1910,0.3870097790743184,0.0
TOI1911,0.538270190768887,0.0
TOI1912,1.3514903804308205,0.0
TOI1913,1.3982537706313467,0.28372584852767485
TOI1914,3.5302054390954325,0.3356643058396922
TOI1915,1.5176926523696053,0.7521143626286205
TOI1916,1.4172240284569109,0.47362850426235364
TOI1919,4.235972434784308,0.0
TOI1920,0.1954574452776813,0.0
TOI1922,0.5165591760552872,0.0
TOI1923,0.8405929729062616,0.0
TOI1924,1.1766876417582466,0.23569954913561694
TOI1925,8.57825575896065,0.0
TOI1926,0.8461960909717019,0.5109948544620513
TOI1927,0.4114509270360204,0.0
TOI1928,0.3801960104467754,0.0
TOI1929,0.6606949278526917,0.10979051209320442
TOI1930,0.3596551390105372,0.0
TOI1931,2.855399409822307,0.9469283252388799
TOI1932,2.808111374432284,0.0
TOI1933,1.0864082550659344,0.0
TOI1934,1.4985171716518833,0.0
TOI1935,1.3242400973181951,0.0
TOI1936,6.793976734008399,0.0
TOI1937,5.7774840617648415,1.6559831642871914
TOI1938,2.364219373008663,0.0
TOI1939,1.444825333824538,0.0005532385050108779
TOI1940,3.586007359467372,0.0
TOI1941,1.2244368599577047,2.2830790591891805
TOI1942,4.984343112124796,1.593516833570122
TOI1943,1.1008713563941441,0.6658749903025711
TOI1944,0.6935098053056192,0.13362537976474845
TOI1945,0.7868705644165214,0.001175945764841686
TOI1946,3.4285826889918907,2.56530833648363
TOI1947,4.389305806699591,1.2364966138658295
TOI1948,2.4478874787247284,2.0654478437117856
TOI1950,0.5097581946141282,0.0
TOI1951,2.410227223661216,0.0
TOI1952,2.8186814604665926,0.5504634851659161
TOI1953,2.6254913792325727,0.0
TOI1955,4.741656316770347,1.1057878364107818
TOI1956,4.258008633928784,0.0
TOI1957,4.298479350300521,0.41009438158331357
TOI1958,4.548182187200803,0.0
TOI1959,1.216751073131384,0.40949637786581133
TOI1960,0.987862044120898,0.0
TOI1961,2.221680747310636,0.0
TOI1962,0.8828597204092633,0.0
TOI1963,1.1472497931794896,0.0
TOI1964,0.3228914854445068,0.0
TOI1965,1.1423455805842897,0.0
TOI1966,1.429849271472545,0.0
TOI1967,0.10531774598351475,2.6368853570518658e-06
TOI1969,4.800955127805978,0.0
TOI1970,0.7465064133598732,0.10586242940808022
TOI1971,3.9311248235548257,0.2588876076516081
TOI1972,3.1318331791725353,1.340095495028751
TOI1973,3.854771721264485,0.0
TOI1974,4.022378855567665,1.1731962312673203
TOI1975,0.94424622378921,0.0
TOI1976,1.0954542023281664,0.0
TOI1977,5.482176783330134,0.0
TOI1978,4.5504680748836766,3.534125297857699
TOI1979,0.9822807440935664,0.32843837625769023
TOI1980,3.0854834819071755,0.0
TOI1982,2.183119247069115,0.0
TOI1983,6.0123483587678885,2.534412914955474
TOI1984,0.5649331749059607,0.0003679148372595087
TOI1985,1.3420983164305953,1.2077617890351913
TOI1986,0.6717931998077473,0.0008873059503098169
TOI1987,5.209195133137673,0.0
TOI1988,1.1415695209237036,0.0
TOI1989,2.811273986121099,0.007816010613561186
TOI1990,1.9458077204713784,0.043190927209989516
TOI1991,4.566899596200668,0.0
TOI1992,0.5393929625742983,0.0
TOI1993,2.0611642524841187,0.002830391022424106
TOI1994,1.006246765824729,0.0
TOI1995,1.8421638848340387,0.0019711758472737984
TOI1996,1.81723740699953,0.0
TOI1997,3.732146077010478,0.0
TOI1998,0.5542007485771739,0.0
TOI1999,0.3279346670305431,0.0
TOI2000,2.0082251133738693,0.9774854622575029
TOI2001,2.800066344025044,0.0399110378964246
TOI2002,0.9744115421491989,0.27652356847939696
TOI2003,1.3401974296266488,0.0
TOI2004,0.8986279914289195,0.0016265635280388324
TOI2005,0.3358373018070963,0.0
TOI2006,1.6344681783116584,1.2777740351554212
TOI2007,6.179787230975889,2.9713604971418803
TOI2008,2.804920101818732,0.625831583736812
TOI2009,10.0,0.0
TOI2010,6.063011738576788,1.8149140792098284
TOI2011,4.081596669766473,1.048836240544749
TOI2012,1.5354737584067837,0.0
TOI2013,5.393103692095291,0.6974921255430628
TOI2014,3.1449284721334525,1.9437065045886281
TOI2015,5.953671176803761,0.0
TOI2016,9.125777603966199,0.17209735134697013
TOI2017,1.383121259314705,0.0
TOI2018,10.0,0.0
TOI2019,6.797751771290182,1.8459450081353992
TOI2020,3.4565731882052457,2.043929399066367
TOI2021,3.8672756752064665,0.0
TOI2022,0.4488445204847659,0.00023977006842431164
TOI2023,10.0,0.0
TOI2024,0.958502071698843,0.000581341837096544
TOI2025,1.4749081155929589,0.0
TOI2038,1.86509873016948,0.0
TOI2048,5.3353529479442905,2.067506978909093
TOI2053,1.4749155616801095,0.0
TOI2065,1.916721107413749,0.0
TOI2067,7.77327047198568,1.4091156038459955
TOI2068,8.054606275646458,1.671031578555375
TOI2069,8.130289095788127,2.301430648953598
TOI2070,2.1753241276371926,1.9615549608599638
TOI2071,7.2077130575546535,1.9895365661341857
TOI2072,4.37387508751447,3.3423811921386575
TOI2073,1.733505319523002,1.1451441949091776
TOI2074,4.585127715678491,1.1164777220164122
TOI2075,6.284287281684182,2.279578766818445
TOI2076,5.452645630871645,1.8097960238442996
TOI2077,8.863105688196507,1.7613982676024604
TOI2078,2.705514612029498,2.5453651555991232
TOI2079,6.784075249369664,1.5592613477233495
TOI2080,8.969334601015737,1.4604708694382214
TOI2081,5.212963544166737,2.446045325597152
TOI2082,3.13702694215137,0.791546075084222
TOI2083,4.857734776530644,3.6317335339042933
TOI2084,2.626593617001833,1.7758863626438155
TOI2085,7.500735479304647,2.5306281099563943
TOI2086,2.254625633055277,2.1716562758871847
TOI2087,7.886256000044585,2.1850236495859985
TOI2088,7.083592580610071,2.3913910105579608
TOI2089,7.513919089166818,2.3397722344410417
TOI2090,4.216519856740779,2.772305904103722
TOI2091,6.404156371734416,2.578541089956813
TOI2092,4.503168789063559,0.8622714610607417
TOI2093,6.22867609839711,3.0749660658841553
TOI2094,2.0994505519350257,2.0742528680512202
TOI2095,5.460844092604444,2.7374312199925583
TOI2096,3.981885283609371,0.8652654506720633
TOI2097,3.5810294319026665,1.8506537599671609
TOI2098,2.625145283359765,2.6495120396958076
TOI2099,4.755693719728207,3.176940611226504
TOI2100,2.3033195160512117,2.307167974538999
TOI2101,4.736760648432547,3.320642823447604
TOI2102,3.527377266475576,2.972376964662103
TOI2103,7.102120275866517,2.469081637428222
TOI2104,5.04466358846455,3.3858117160905374
TOI2105,1.7621203382105577,1.979234573193395
TOI2106,1.265737553021622,0.0014252187403068217
TOI2110,2.7765263411491112,1.8434137331114568
TOI2111,5.569611138443819,3.044687522551718
TOI2113,4.017055394058159,0.0
TOI2116,4.116678950056049,1.1570319714734554
TOI2119,9.812536997013748,0.18746300298625362
TOI2120,3.0829149547194916,1.5406737338562813
TOI2121,1.2975362543957483,1.007762649794932
TOI2122,1.0452315098814684,0.1503258814198703
TOI2123,5.746773231618085,0.0
TOI2124,0.8859002416990975,0.23967366470557955
TOI2125,1.673780556193717,0.5845389982360767
TOI2126,3.382634147474405,4.168133412657542
TOI2127,1.391136247062088,0.47311217256949895
TOI2128,5.194473675224499,0.22698965786350822
TOI2129,1.7384835413780533,0.5811909594700191
TOI2130,1.3329206456378124,0.33372320847783365
TOI2131,1.3888494738258796,0.46397056516790913
TOI2132,0.19697388034170815,6.367072511714866e-05
TOI2133,4.933805169918363,0.05279239465319496
TOI2134,5.6730650461762675,0.5643969525780619
TOI2135,1.051815148024675,0.3541464222037732
TOI2136,1.1958979281267237,0.012018607871749687
TOI2137,3.360369255717703,1.5696757137555626
TOI2138,1.000470310001543,0.5065907159329205
TOI2139,0.2803865095685753,0.0
TOI2140,0.6176352469949172,0.0003810126878481649
TOI2141,3.6594264514789248,2.3566188953312244
TOI2142,4.532184262127252,0.0
TOI2143,5.547158162509657,0.046657811158623774
TOI2144,4.969891983321869,3.027503925371109
TOI2145,3.758011290788434,0.3273999644703851
TOI2146,5.850580128903458,0.0
TOI2147,3.19728316210432,0.0
TOI2148,8.455577662026762,0.038407233789652384
TOI2149,3.4137055927792472,0.1038307807165827
TOI2151,2.216964285137116,0.0
TOI2153,3.947308085654438,0.013376789285119428
TOI2154,1.9157859236738908,0.0
TOI2156,1.3479771727608276,0.0
TOI2158,0.861850029446016,0.0
TOI2159,0.9149771853468246,0.0
TOI2160,3.6624063868626022,0.8758170076936745
TOI2161,8.254320003511296,2.3119229413892435
TOI2162,2.5865465309978233,0.019765659162455318
TOI2164,0.3647144154262734,0.0
TOI2165,0.4745858080415972,0.0
TOI2166,3.12623899141413,0.13262699729018212
TOI2167,6.486529330488251,1.5248414823339118
TOI2168,2.5360077032064785,0.0
TOI2169,1.3675971819649484,0.0
TOI2170,10.0,0.0
TOI2171,4.461993798103896,0.0
TOI2172,3.5161882154203736,0.0
TOI2173,6.527797201230397,0.0
TOI2174,0.3289734798481622,0.0
TOI2175,1.66338096942627,0.5536153669215458
TOI2176,0.9223463357702715,0.20148463713636433
TOI2177,1.4698294112668653,0.2958059519716376
TOI2178,4.274690651373347,1.3124906485348686
TOI2179,0.5288189386919495,0.4156386389196224
TOI2180,6.527257930905315,2.3193443193050842
TOI2181,3.9270525737102404,2.6025930035532845
TOI2182,0.8904877129151872,0.0
TOI2183,1.5494982780179973,0.6194161843901691
TOI2184,2.6928056696216545,1.569305624987725
TOI2185,3.512377244006899,0.0
TOI2186,1.4953828538083138,0.7487091087170257
TOI2187,0.7509527930033727,0.4404025536032
TOI2188,0.8542312016173987,0.3878359308976196
TOI2189,1.2960327444804092,0.18621108713013762
TOI2190,5.370654952069391,0.0
TOI2191,0.6704023481614658,0.0
TOI2192,2.000076296176012,1.0989697458071261
TOI2193,0.5299757956644555,0.0
TOI2194,9.605716447100178,0.0
TOI2195,0.9370049727598415,0.8055810856182084
TOI2196,3.3226826949462422,0.0
TOI2197,0.8248419629436022,0.0
TOI2198,0.9888918667551868,0.0
TOI2199,0.6779429491168397,0.0
TOI2200,0.9152588764848457,0.7058732288491849
TOI2201,3.366741476718304,0.0
TOI2202,5.4713801591031395,2.8907373188013032
TOI2203,2.3190518527700474,0.792676876289053
TOI2204,2.235976551065859,0.0
TOI2205,1.1676401674482624,0.7162829857798079
TOI2206,10.0,0.0
TOI2207,5.750967963720831,0.0
TOI2208,0.418286926399393,0.2294618250969827
TOI2209,2.069513495212584,1.1214296159104464
TOI2210,4.40053384546937,0.0
TOI2211,3.149161744679266,0.0
TOI2212,2.898002676515148,2.57213208360905
TOI2213,1.3775848086081839,1.1704504731182623
TOI2214,2.765483098626019,0.8280923351121631
TOI2215,4.753754690647676,0.0
TOI2216,2.007621747324498,0.5928392751624869
TOI2217,1.1181458484393079,0.15815319130647482
TOI2218,0.6722233795041076,1.1544685154502108
TOI2219,4.631462831605811,2.507913961979842
TOI2220,2.2813166766973056,0.6724930603357233
TOI2221,4.834167245500094,0.003299132755134382
TOI2222,1.6555342680710596,0.6561413402762348
TOI2223,1.1829660932625412,0.16422308543897204
TOI2224,3.503535652852637,4.187214220679231
TOI2225,0.9884729575747444,0.920585267839444
TOI2226,1.7861596992842026,0.016148230344974757
TOI2227,5.603844792155587,0.25420790491322187
TOI2242,5.143881611830112,0.0
TOI2245,3.1140892171174364,1.3441510447334022
TOI2246,3.726921077774288,2.361561017283976
TOI2250,2.5253001356253,2.4487783358524537
TOI2251,4.146025890026813,1.780843617705868
TOI2252,4.940289423063292,2.362150888819233
TOI2253,7.048319647946621,2.185057827796905
TOI2254,3.4381522854394744,2.507835650710718
TOI2255,3.9108451543657154,0.6192124884707279
TOI2256,3.0134483844615123,2.564039810435829
TOI2257,2.4557097588340144,1.473922751788314
TOI2258,5.915505809714673,0.08672734136692932
TOI2259,5.56098613818736,0.39269630318793936
TOI2260,8.575238777711562,0.2612757096078288
TOI2261,1.807725588786595,0.9860347917471555
TOI2262,4.7782760395694535,1.290378723749591
TOI2263,4.013110767270219,2.9782362884554208
TOI2264,3.2488487600985185,2.014272144060076
TOI2265,1.6602055105321236,0.0004497654708690013
TOI2266,3.1255613474736594,1.735424168552343
TOI2267,0.6959187440344208,0.000919233156890976
TOI2268,4.290650507049796,0.6611468807814944
TOI2269,6.63887040460668,2.89625506471898
TOI2270,3.289576303499854,1.9654838471654712
TOI2271,4.016789024591177,1.9823430376393714
TOI2272,5.709582670503267,3.0338938111072444
TOI2273,3.0508319052715414,1.8440752584934739
TOI2274,7.313140225529383,2.123709018009847
TOI2275,3.318948304720849,2.5977714672844328
TOI2276,7.975225354801661,1.840536790822398
TOI2277,6.779079834374016,1.9713947356592634
TOI2278,2.2566845455975817,1.9515600801863682
TOI2279,8.020636111554547,0.15488232722178713
TOI2280,4.318822990688429,1.064708281060464
TOI2281,4.011308735157577,1.3742600370924134
TOI2282,2.4087268089029044,0.7960852583809287
TOI2283,6.553896895810308,2.18933225586307
TOI2284,4.886510981142579,0.7232750426813925
TOI2285,4.206906221580078,2.4076262256509144
TOI2286,3.110231437005052,1.7214502887759935
TOI2287,4.744562993015789,0.7405614612807159
TOI2288,7.227987569949505,2.5512301296199067
TOI2289,3.3749482659737966,1.7692929102407797
TOI2290,6.671957875916846,3.480176009609072
TOI2291,4.649809804313063,1.6713284669664168
TOI2292,3.9022300880930443,2.2731932914987074
TOI2293,6.482153626420509,2.875622201987901
TOI2294,3.7909650212972563,1.3230945235072922
TOI2295,7.227159932898555,1.4282676731016113
TOI2296,3.9980825665565787,2.85199354635677
TOI2297,6.68014069188624,3.1409889777547777
TOI2298,6.309257809938755,1.5617219952868076
TOI2299,8.099617367819215,1.7657511733411897
TOI2300,7.073862218681021,1.4781693185366267
TOI2301,7.060771282968261,2.0900186589818235
TOI2302,5.505454634663308,0.0
TOI2303,10.0,0.0
TOI2304,1.9224028494297387,0.0
TOI2305,6.17453954281833,0.199538206228824
TOI2306,5.064773324260044,0.0
TOI2307,5.588391533335299,0.0
TOI2308,1.2930713892810917,0.009418620581748638
TOI2309,5.402366421223693,0.1475398664645553
TOI2310,1.3895489196416644,0.7513055315345748
TOI2311,5.462391071475133,0.0
TOI2312,3.315662694467452,0.0
TOI2313,2.021283714786561,0.0
TOI2314,0.4813815379866124,0.0
TOI2315,0.4816174927171838,0.0
TOI2316,3.2790049632836573,0.0
TOI2317,3.843709517672828,0.7813458691073485
TOI2318,8.595492524910057,1.0295887276227478
TOI2319,1.4448591696222397,0.0
TOI2320,1.2513923166170766,1.8799631659346818
TOI2321,3.174610006066104,0.0
TOI2322,8.781734238975236,1.5583652954390583
TOI2324,1.040266640840976,0.0
TOI2326,4.526451606120056,0.19872038077703724
TOI2327,6.429044999524681,2.1772105754636897
TOI2328,1.6596670984969784,0.8776379131450048
TOI2330,3.042850082921065,0.16089287428191945
TOI2337,1.4938637378488353,0.0033604283225388
TOI2338,0.7290597244898973,0.0
TOI2345,0.6662349926710938,0.45563295969899587
TOI2353,4.207742133489344,3.832540723229782
TOI2360,4.762532262608139,3.0338760786645365
TOI2373,0.8325850489124077,0.0
TOI2374,7.924459004089528,0.0
TOI2376,1.0691106172241127,0.0
TOI2377,0.2396906044598523,0.0
TOI2378,1.1241436890118537,0.6247958436355554
TOI2379,1.185125300199026,0.638384579360326
TOI2380,1.3057277611486595,0.0
TOI2381,4.095694918845931,1.293598545739898
TOI2382,0.6642517207246567,0.0
TOI2383,3.771097320908144,0.0
TOI2384,0.8882314710825607,0.17703905914614235
TOI2385,0.6207195015953768,0.16806634004321638
TOI2386,0.6900115816107478,0.0
TOI2387,1.8036711041126412,0.003228416159124725
TOI2388,1.6610408068802123,0.815851897615245
TOI2389,0.3895706937072031,0.0
TOI2390,4.233618092682985,0.023910628348779772
TOI2391,7.372835388733405,1.5448770591312486
TOI2392,4.101711010765697,2.4423529364434007
TOI2396,2.982222115138269,0.0
TOI2398,0.3293798799505579,0.0
TOI2401,3.5447255095652355,0.0
TOI2403,1.8148704158867703,0.0
TOI2404,2.8177114922701545,1.8324374695556624
TOI2405,0.1778836546339372,0.0
TOI2406,0.1189705481143326,0.0
TOI2407,0.2404603518279705,0.06031907483619359
TOI2408,0.3262488690764888,0.0
TOI2409,7.215200593097178,1.4255796263109415
TOI2410,1.6019218911214532,0.0
TOI2411,0.2615747698641624,0.0
TOI2412,3.1612385710331514,2.251189722213747
TOI2413,1.1110027087950078,0.0
TOI2414,1.7658312778791212,0.0
TOI2415,0.2577262533964087,0.0
TOI2416,1.5454481258998976,1.259608382246
TOI2418,1.2295446504093763,0.8720808131931704
TOI2419,1.8717306158336413,1.1236998359769754
TOI2423,6.838178673063163,3.1618213269368374
TOI2424,3.8264419019998193,0.0
TOI2425,6.336261723883357,0.0
TOI2426,1.5638501942874663,0.0
TOI2427,5.993309792960676,0.0
TOI2429,7.861747742010372,2.1382522579896284
TOI2431,9.62162725915086,0.0
TOI2433,4.496817758549081,2.262504568374841
TOI2434,1.5015085840953044,0.0009081414295048496
TOI2435,4.667321348459166,1.3590433941637692
TOI2436,3.1613635979464516,2.072569256820671
TOI2437,4.671937478136646,0.0
TOI2438,1.9414058580148055,0.006562613597553002
TOI2439,1.4251878955719255,0.0
TOI2440,0.64634417416129,0.0
TOI2441,3.7988594578101895,2.985274652957454
TOI2442,0.6383682239567475,0.17555910493027294
TOI2443,5.042532201500139,0.0
TOI2444,5.361471684614032,0.0
TOI2445,1.6808193434452798,1.4951281742055744
TOI2446,4.933294620411647,0.9220082962030354
TOI2447,4.206448469074101,1.9379813689465857
TOI2449,5.480127236023312,2.370969208475521
TOI2450,3.583777264442332,0.0
TOI2451,0.3408850442437716,0.0
TOI2452,3.7864950162543947,2.2627533539145714
TOI2453,0.1520787395006275,0.004052626253150608
TOI2454,3.5061589801030064,0.0
TOI2455,1.3129941856692866,0.0
TOI2456,8.657170554225992,0.0
TOI2457,6.331375610834986,0.0
TOI2458,7.014383714985192,0.0
TOI2459,6.42145861050622,2.2196597320500584
TOI2460,10.0,0.0
TOI2461,1.0370728652425154,0.0
TOI2462,3.81457011753316,0.0
TOI2463,4.248558758956235,0.38273133211306387
TOI2464,0.5240598564141288,0.00021958534019747566
TOI2465,2.975947861655129,0.0
TOI2466,1.3095440227171673,0.0
TOI2467,0.4947313901772301,0.05547836491556361
TOI2472,2.7460154169809874,0.0
TOI2478,7.640213655133349,0.0
TOI2479,5.462024443086143,0.3278473717753056
TOI2481,4.7829207613746,0.0
TOI2486,0.3850407691808928,0.0
TOI2487,0.9839335103300813,0.5124828416913085
TOI2488,3.459704012769495,0.0
TOI2489,0.2378228656797106,0.0
TOI2490,3.939760864129305,0.06934928008038677
TOI2491,0.74069651025273,0.0
TOI2492,1.009952376610456,0.0
TOI2493,4.545955822630559,0.0
TOI2494,10.0,0.0
TOI2495,0.2160755356657672,0.0
TOI2496,2.575080826165281,0.012703202538653202
TOI2497,1.7717173778116504,0.0
TOI2498,0.3121222712032986,0.0
TOI2499,4.98442221583707,0.0
TOI2500,1.4778619485105946,0.0
TOI2501,4.545073840878328,1.1379622245558911
TOI2502,0.7059380993696598,0.0800509440313448
TOI2503,0.5582680901745869,0.0
TOI2504,2.724494286144199,0.0
TOI2507,5.3962933313091686,0.20002696164268957
TOI2510,0.4885845376613972,0.0
TOI2512,4.125695065501017,0.0
TOI2514,8.132373433309697,0.0
TOI2525,4.561036404533325,2.749624627132256
TOI2534,1.747051563529724,0.0
TOI2536,0.9645024162514515,0.06054120641426555
TOI2539,0.4942009059845313,0.0
TOI2540,6.5497776378202825,0.10302455824398749
TOI2542,4.168294695140156,0.0
TOI2543,3.788838451139061,0.0
TOI2544,2.8591731207804267,2.5823888323011985
TOI2545,4.277745742238906,1.5600947078844485
TOI2546,2.2111268677885074,0.0
TOI2547,2.2943835494930984,0.0
TOI2548,7.140949826153928,0.0
TOI2549,1.9965192736170159,0.42336458237299457
TOI2550,5.812173721282213,0.0
TOI2551,1.812808017231481,0.0
TOI2552,9.259785445204011,0.0
TOI2553,6.411046753750242,0.12052081548514819
TOI2554,0.136823058553952,0.0
TOI2555,3.1654161694565794,0.0
TOI2556,0.4997641967729043,0.0
TOI2557,1.4276200991885115,0.5343917410463446
TOI2558,4.224664365706717,3.7804790127344874
TOI2562,2.764713612005392,1.416706207709182
TOI2567,1.7430150416722772,0.25417092188108414
TOI2574,0.9126057676096676,0.5679479464794936
TOI2575,1.101352900531463,0.46651070283119345
TOI2579,1.3919163768464746,0.46088641569445243
TOI2582,0.6035950960073777,0.0
TOI2583,2.2705172602294605,0.0
TOI2585,2.572294805960233,0.0
TOI2589,1.341689081589087,1.237951799688161
TOI2602,3.6488033481350057,0.0
TOI2603,1.497355965140362,0.0
TOI2604,1.2250260424046386,0.0
TOI2605,7.281841451882283,1.0586878940918598
TOI2606,1.3792609200136932,0.008378106288660757
TOI2607,4.269080506972978,1.9204213825658565
TOI2608,1.659578377612914,0.6917971199223789
TOI2609,0.5829379784286018,0.0
TOI2610,0.31557059719817904,0.12932353938171826
TOI2614,5.0528813129078,0.09096236598405838
TOI2631,3.3066753494615355,0.0
TOI2633,0.4717411178917121,0.0
TOI2634,2.241845837077276,0.0
TOI2635,4.664606075495001,0.0
TOI2636,2.3449496683429394,0.7896124231313957
TOI2637,4.1308374663987,3.0659951708742734
TOI2638,4.38001333022102,0.5617147330413111
TOI2639,3.3150616020966943,2.614947841146417
TOI2640,0.9097933816091184,0.0016820940356627734
TOI2641,0.6768828644175129,0.13542025689752524
TOI2642,0.5104857946351783,0.0
TOI2643,3.1507844687250173,0.0
TOI2644,4.127703441209867,0.0
TOI2664,1.9304154688572148,0.0
TOI2666,5.588621156042678,0.0
TOI2670,6.012459227029687,0.0
TOI2810,5.288144102395839,0.18765342026815812
TOI2891,2.694257363719013,1.6767838750517263
TOI3082,0.1928999875512541,0.0
TOI3351,0.5393929625742983,0.0
TOI3353,3.145500066732977,0.5573350433264168
TOI3357,4.08688469761397,0.0
TOI3358,0.9940744639135026,0.25889045475239364
TOI3460,1.5449644240844642,0.0
TOI3487,8.231987676503998,0.0
TOI3492,5.354679208590328,0.0
TOI3493,1.3627512568301974,0.0
TOI3494,3.537828680010911,1.7891219031436092
TOI3495,4.3565452117160754,1.2247289939385217
TOI3496,0.8688960874727214,0.7030158298984357
TOI3497,2.0947206303343955,0.0
TOI3498,5.558655310745842,0.4926603452590861
TOI3499,2.3220949503329,0.0
TOI3500,1.505930138856194,0.0
TOI3501,3.789902036830764,0.0
TOI3502,1.730257195645766,0.0
TOI3503,3.114043695699249,0.0
TOI3534,3.18091902905595,0.0
TOI3559,1.268618260628651,0.0
TOI3563,4.813332092004877,0.08184703693550843
TOI3612,1.4805635916188988,0.0
TOI3780,1.401611194490606,0.0
TOI3791,1.9697481583385472,1.1735746563321958
TOI3814,1.2843258704019973,0.3532894027999519
TOI3828,5.036889594014156,0.01913461739987743
TOI3843,5.036889594014156,0.01913461739987743
TOI3846,1.5405935182801895,0.0
TOI3848,0.589741930944761,0.2041636232997721
TOI3960,1.082648704205918,0.0
TOI4044,2.3671746586386346,2.259338223745903
TOI4071,7.683927214149719,1.5933204949057362
TOI4080,3.606174462346752,0.0
TOI4086,2.814384562402511,0.0
TOI4087,2.367382340802757,0.7759594774595291
TOI4088,0.6791988216928773,0.0
TOI4099,7.4617902003634855,1.8154677285560181
TOI4102,4.024528270199222,3.2471619967343317
TOI4103,2.4693736352812894,0.0
TOI4106,2.414100981446872,0.3463265304653791
TOI4109,4.860913972598975,0.0
TOI4112,6.828582844015256,2.007497613499949
TOI4113,6.722065945695086,2.831761720546827
TOI4127,2.75931646784218,0.0
TOI4132,1.3810283004914048,0.31571304892815094
TOI4138,1.3769530747558218,0.46197432243130127
TOI4140,6.103930451052785,0.0
TOI4144,2.085829489365061,0.0
TOI4156,4.890437442722787,0.04524128938562755
TOI4168,5.612218971201355,0.7678584346682626
TOI4175,9.461753470442144,0.5382465295578567
TOI4176,1.0682695802624946,0.0
TOI4178,4.522485435093019,0.0
TOI4180,2.508239340838455,0.931033088237448
TOI4181,0.5990976735736615,0.0008415562291114856
TOI4182,4.569780334573568,1.460790009398013
TOI4183,2.7381643513785257,0.7470508252558785
TOI4184,2.054431909556597,1.3043968058680009
TOI4185,4.242684779422107,3.3126875953810235
TOI4186,7.1815428225688995,1.8426676821787291
TOI4187,2.126836304362428,0.7949154841951707
TOI4188,2.162807512815681,0.07436300793976391
TOI4189,5.738301915745941,2.2214757209416
TOI4190,0.6795661978215932,0.7857022170712858
TOI4191,5.7460768093334424,0.7556847284163917
TOI4279,2.1179788795427825,0.0
TOI4296,1.5234762871905259,1.0181415963647804
TOI4297,7.64875012993372,2.3512498700662796
TOI4298,2.7588619254952578,1.9266501518101204
TOI4302,5.6641758812297365,4.417529844514748
TOI4303,4.138426092986485,0.04767282434583264
TOI4304,6.77484083896241,0.5766927853979384
TOI4305,5.768748933982525,0.9844065067688241
TOI4306,0.5382618412632438,0.3884155568773753
TOI4307,4.084685254507095,1.532990338971472
TOI4308,6.311219389903552,0.1669570738415116
TOI4309,6.33138516757512,0.0
TOI4310,7.164085097947338,1.1283672490117107
TOI4311,3.1975452861384994,2.120717471489815
TOI4312,6.499140869750011,1.3546096716208582
TOI4313,4.749517800847438,2.7964955383703405
TOI4314,4.589102301548711,1.3197215596759593
TOI4315,5.277350026966942,4.722649973033058
TOI4316,0.46457857943967973,0.11566047753197373
TOI4317,3.0039367190872985,0.08101273750201843
TOI4318,4.762426074547488,0.8233421019294347
TOI4319,8.94102687421624,1.8341952577075005
TOI4320,4.653924015349504,1.3302972725574564
TOI4321,2.155735847265045,0.8554470823542004
TOI4322,4.696325776145468,1.8803855815665012
TOI4323,9.810814826420822,0.18918517357917786
TOI4324,7.012693059584975,0.9966384381323214
TOI4325,0.1848555304845561,5.974983967003966e-06
TOI4326,5.824247772933051,0.08140392426895215
TOI4327,5.907600005120729,3.7269656273521345
TOI4328,5.748064709248707,0.08230838510570021
TOI4333,10.0,0.0
TOI4335,1.510832279092093,0.0
TOI4336,2.87906050107137,0.0
TOI4337,5.028434367627291,2.798141781697775
TOI4338,3.77613141606661,0.0
TOI4339,1.418141638296203,0.0
TOI4341,4.329580427208267,0.01633442889985126
TOI4342,7.463141293696234,0.06484914864633318
TOI4343,5.4589881191967535,1.6449705931731344
TOI4344,2.5050733402567986,2.5154495386778843
TOI4345,4.189768967455971,0.67642667803563
TOI4346,1.7748268717176616,1.418168322440656
TOI4347,3.666590613853133,1.452044908764403
TOI4348,4.684246186801159,1.618798007827668
TOI4349,6.510630462213524,2.047571929431837
TOI4350,6.707794158954892,1.809517918072631
TOI4351,5.155111472470535,3.0249622498779574
TOI4352,2.8775619676708613,1.5563307641393371
TOI4353,4.046310856405334,1.6771904088137883
TOI4354,5.630563532703005,0.36270816928439675
TOI4355,5.140669050587332,2.9182747108819385
TOI4356,3.763045929114032,1.221883424509652
TOI4357,5.0317593708053705,0.9216693712146785
TOI4358,3.8159291533425996,1.9905980002610548
TOI4359,1.984309588791164,0.0
TOI4360,3.984188590768371,2.248745798257182
TOI4361,4.7040072363146255,1.1567890923102715
TOI4362,2.6028799282604957,0.1691699890508867
TOI4363,5.550067723676516,0.18861207621301834
TOI4364,3.6905621425813604,1.5830526871294999
TOI4367,5.292256424056191,0.0
TOI4368,1.7369229907802095,0.0
TOI4369,3.244558038381285,1.4097258224824316
TOI4377,2.1806573905290705,0.003524636419714011
TOI4378,0.7097265050370046,0.35308420471183094
TOI4379,1.6354005657635269,0.0
TOI4380,1.3569485774327783,0.0
TOI4381,1.663991027119216,0.0
TOI4382,7.988525887023957,0.0
TOI4383,3.03939393191724,0.0
TOI4384,3.810435196349961,0.930463235596176
TOI4385,1.6157407335097007,0.0
TOI4386,9.0305609894496,0.0
TOI4387,3.521097010910034,0.0
TOI4388,1.1225863428509997,0.0
TOI4389,3.567865026073413,0.0
TOI4397,8.371573707719419,0.0
TOI4399,2.224093399548864,0.0
TOI4400,8.293201636003376,0.0
TOI4401,0.33794162071657163,0.11299407481169263
TOI4402,3.758850983727663,2.775373149575071
TOI4403,1.9875935351005665,2.654854244392308
TOI4404,4.091001473098224,2.6612019621317202
TOI4405,2.771966307292848,2.8134494671446233
TOI4406,1.542330149220028,1.1711783485972869
TOI4407,7.357235790941352,2.530128316220228
TOI4408,3.4566066300378133,3.8552671769496487
TOI4409,1.9695177828579489,2.8372179568231037
TOI4411,5.348999814289944,2.1860071035772437
TOI4413,6.27280121710264,1.5471506414401353
TOI4418,5.038609550467511,0.0
TOI4419,5.22374807565952,0.0
TOI4420,4.439660871433968,0.0
TOI4426,0.97996554035983,0.3244030279266448
TOI4427,2.307685067314497,0.0
TOI4428,0.3709614055911053,0.0
TOI4429,1.4380096351629181,0.2899074102626771
TOI4430,3.349193091462632,0.0
TOI4431,1.425078334917556,0.2031116640924966
TOI4432,2.7063181337756674,0.0
TOI4433,0.4506326509743337,0.0004271528361067811
TOI4434,0.8914205341674961,0.03257714398335823
TOI4435,0.7322576238600315,0.46165963195878124
TOI4436,1.7603181791179805,0.0
TOI4437,4.858221828295147,1.9864677434713036
TOI4438,10.0,0.0
TOI4439,0.8499986090545891,0.2861883974716225
TOI4440,2.1524320692922556,0.7789742713250649
TOI4441,1.4596174046798247,0.0
TOI4442,9.038473920586812,0.0
TOI4443,7.488976587570939,1.5494729034298234
TOI4444,0.5848978476156874,0.0012844329905676022
TOI4445,0.3069306979079603,0.04218937642859
TOI4446,2.450344374247851,0.04417177018434293
TOI4447,5.512655271885977,4.124881978859362
TOI4448,0.6124119096770153,0.4086030058708887
TOI4449,0.6874652272490721,0.0
TOI4450,4.930101350179651,0.0
TOI4451,0.18897881668771946,2.1890336201479954e-06
TOI4452,0.43404572943094943,0.05452107926858972
TOI4453,3.609670358017725,0.0035027031312586665
TOI4454,4.094377613443534,0.04053179680989838
TOI4455,5.042047932530297,0.11193382195514112
TOI4456,2.599354861318007,2.2460547787181113
TOI4457,2.6904101388637707,2.1549811908276895
TOI4458,1.311432856563364,0.0010278749886456495
TOI4459,1.4989494284535352,1.3154003307757651
TOI4461,3.037487804243416,0.0
TOI4465,0.1781465166915321,0.0
